wp  , wf   , P   , n1 , Pnd, Np1, Helix, Np2, Pnd2, Helix2, sigma_bend_stage1 , percent_diff_bend_stage1, sigma_contact_stage1, percent_diff_contact_stage1, sigma_bend_stage2 , percent_diff_bend_stage2, sigma_contact_stage2, percent_diff_contact_stage2, combined_metric
1200, 200.0,  5.0, 2.6,  10,  20,    25,  42,   10,     25, 16.716419363881762,        75.14978839308678,   129.01966501173945,         0.1721780801269406 , 31.114336232929915,      16.85231232036338  ,   129.12848926781575,        0.087866638721714   ,  92.26214543229882
1300, 208.3,  5.4, 2.1,  10,  20,    25,  40,   10,     25, 15.684019655488664,        80.55803667054471,   129.0782692250032 ,         0.1267657203114632 , 32.701139088747325,      11.904156616518572 ,   129.0833293645261 ,        0.1228455884401443  ,  92.7118045958149
1400, 216.7,  5.8, 3.8,  10,  18,    25,  44,   10,     25, 17.53747758240426 ,        70.99526047508718,   127.56451968750764,         1.3064156739739896 , 29.744297375755988,      21.31424654924091  ,   128.8681337926461 ,        0.2896951017461763  ,  93.90561780004823
1500, 225.0,  6.2, 3.2,  10,  18,    25,  42,   10,     25, 16.551586333754805,        75.99923905823307,   126.42607035695802,         2.202801186014688  , 31.10680264011424 ,      16.876355685844505 ,   128.74990783563948,        0.3814787591508601  ,  95.45987468924312
1600, 233.3,  6.7, 2.4,  10,  18,    25,  40,   10,     25, 15.7883331544729  ,        80.00195172744247,   128.35089616079532,         0.6918698865425448 , 32.651622387340055,      12.05514963109736  ,   127.63886886468676,        1.2481514426499989  ,  93.9971226877324
1700, 241.7,  7.1, 2.0,  10,  18,    25,  40,   10,     25, 15.055247436225448,        83.95730901787383,   129.08537582083153,         0.1212602254567788 , 32.46237502054258 ,      12.63421643727236  ,   123.51721662914792,        4.529831550515963   , 101.24261723111891
1800, 250.0,  7.5, 1.8,  10,  18,    25,  38,   10,     25, 14.340109757615457,        87.92501017066044,   128.4730504502293 ,         0.5967439995664496 , 34.2571444992247  ,       7.266521374909521 ,   127.7946819683551 ,        1.1261567964241532  ,  96.91443234156056
1900, 258.3,  7.9, 1.6,  10,  18,    25,  38,   10,     25, 13.714762856045702,        91.48653304933552,   128.5833738036855 ,         0.5109087492808062 , 34.215973229927826,       7.386615286113391 ,   125.59042864081296,        2.865860815802172   , 102.2499179005319
2000, 266.7,  8.3, 2.7,  10,  16,    25,  40,   10,     25, 14.456354098274108,        87.27253773254972,   129.062777492268  ,         0.1387682484791497 , 32.57489377222018 ,      12.289546411917756 ,   125.74133619836104,        2.745798101030142   , 102.44665049397678
2100, 275.0,  8.8, 2.4,  10,  16,    25,  40,   10,     25, 13.897766096330406,        90.43519262287724,   128.7412287692549 ,         0.3882199886667833 , 32.436738396636926,      12.71290374207696  ,   123.08268834183818,        4.882052326023248   , 108.41836867964425
2200, 283.3,  9.2, 2.1,  10,  16,    25,  38,   10,     25, 13.39001810208111 ,        93.37102683786236,   129.14821566585906,         0.0725912425896291 , 34.24667892037362 ,       7.297035600659198 ,   127.16324330437256,        1.6214619239746018  , 102.3621156050858
2300, 291.7,  9.6, 5.0,  10,  14,    25,  42,   10,     25, 14.256601174557805,        88.39557118460672,   129.16726398009345,         0.0578431428931244 , 31.11594387168883 ,      16.847182251919566 ,   129.21067227316564,        0.024242524992148   , 105.32483910441157
2400, 300.0, 10.0, 5.2,  10,  14,    25,  42,   10,     25, 13.68097844822393 ,        91.68145487652532,   126.22599272968772,         2.361162537886716  , 31.114336232929915,      16.85231232036338  ,   129.12848926781595,        0.0878666387215599  , 110.98279637349695
2500, 308.3, 10.4, 4.0,  10,  14,    25,  40,   10,     25, 13.306709260686183,        93.8584018718878 ,   127.4966124897118 ,         1.359661091381901  , 32.69494128934647 ,      11.92304400988293  ,   128.8914808919252 ,        0.2715797322095902  , 107.41268670536222
2600, 316.7, 10.8, 1.5,  10,  16,    25,  36,   10,     25, 11.675973997307484,       103.73560840261172,   128.60384074969963,         0.4949928596442602 , 36.210987876231314,       1.7229323180035103,   128.78073080124372,        0.3575415214960948  , 106.3110751017556
2700, 325.0, 11.2, 2.9,  10,  14,    25,  38,   10,     25, 12.579955651808357,        98.17976061928334,   128.66522600828523,         0.447272455790929  , 34.31739826066158 ,       7.091015592147587 ,   128.81840910446033,        0.3282881686575918  , 106.04633683587944
2800, 333.3, 11.7, 2.6,  10,  14,    25,  38,   10,     25, 12.226784584754595,       100.32597462655424,   128.79886285688465,         0.3434627664852749 , 34.240241741882386,       7.31580878367334  ,   126.80129845535068,        1.9064756307808064  , 109.89172180749364
2900, 341.7, 12.1, 2.4,  10,  14,    25,  38,   10,     25, 11.87749456591247 ,       102.47920972824105,   128.52398146285822,         0.5571088419557284 , 34.21140475238451 ,       7.399949816199906 ,   125.38619190676889,        3.0285790935851344  , 113.4648474799818
3000, 350.0, 12.5, 2.2,  10,  14,    25,  38,   10,     25, 11.551303671376916,       104.51811640861672,   128.5834596931254 ,         0.510841953047156  , 34.17738723438427 ,       7.499294525959839 ,   124.0538517643507 ,        4.096512595457738   , 116.62476548308146
3100, 358.3, 12.9, 2.0,  10,  14,    25,  38,   10,     25, 11.267167271380112,       106.316687113702  ,   129.03905614228492,         0.1571496266480108 , 34.13665540364888 ,       7.618372980287419 ,   122.7970612588055 ,        5.114238014540554   , 119.20644773517796
3200, 366.7, 13.3, 1.9,  10,  14,    25,  36,   10,     25, 10.975542188239263,       108.18488863978396,   128.53371991674985,         0.549532037756611  , 36.221761202494505,       1.6931873733788811,   129.03779417915527,        0.1581276007236347  , 110.58573565164306
3300, 375.0, 13.8, 1.8,  10,  14,    25,  36,   10,     25, 10.70142650500686 ,       109.96181845537448,   128.20587803901748,         0.8049178489056983 , 36.18907625201218 ,       1.7834569632377977,   128.29889346488483,        0.732393619069085   , 113.28258688658704
3400, 383.3, 14.2, 1.7,  10,  14,    25,  36,   10,     25, 10.44329930805136 ,       111.65393954031671,   128.06772567096505,         0.9127321759586716 , 36.152615747560354,       1.8842493011731205,   127.60036106575411,        1.278324126467285   , 115.7292451439158
3500, 391.7, 14.6, 1.6,  10,  14,    25,  36,   10,     25, 10.199811856391705,       113.26711222515276,   128.13599945677797,         0.859436739392138  , 36.11168539777278 ,       1.9975182258698676,   126.9389547127056 ,        1.7979832184458429  , 117.9220504088606
1210, 200.8,  5.0, 2.6,  10,  20,    25,  42,   10,     25, 16.58725877974688 ,        75.81496022959061,   128.5352981673512 ,         0.5483041661721563 , 31.11031786271715 ,      16.865136234255644 ,   128.92522949142923,        0.2453994716484894  ,  93.4738001016669
1220, 201.7,  5.1, 2.6,  10,  20,    25,  42,   10,     25, 16.4601672205189  ,        76.47262338306643,   128.05679278269608,         0.9212691629726292 , 31.10630053030341 ,      16.87795835242496  ,   128.7250517492091 ,        0.4007862611024229  ,  94.67263715956646
1230, 202.5,  5.1, 2.6,  10,  20,    25,  42,   10,     25, 16.33509488025469 ,        77.12290681026758,   127.58403063682876,         1.2911225229468362 , 31.10228423528673 ,      16.890778675248463 ,   128.5278859225813 ,        0.5540709884421197  ,  95.858878996905
1240, 203.3,  5.2, 2.4,  10,  20,    25,  42,   10,     25, 16.271390224326083,        77.45530104124984,   128.795796467019  ,         0.3458435462481043 , 31.056838602991267,      17.035950309558224 ,   126.4842520449888 ,        2.1567969130725184  ,  96.99389181012867
1250, 204.2,  5.2, 5.7,  10,  18,    25,  50,   10,     25, 19.313721344848847,        62.42323607607102,   128.7817516060562 ,         0.3567488582574331 , 26.21812004980363 ,      33.68996540606935  ,   128.75636055860514,        0.3764670754832472  ,  96.84641741588104
1260, 205.0,  5.2, 5.8,  10,  18,    25,  50,   10,     25, 19.16337775642521 ,        63.12771929178079,   128.12442510028356,         0.8684698474410283 , 26.231365385831744,      33.64088945256048  ,   129.1072135087622 ,        0.1043444177028272  ,  97.74142300948512
1270, 205.8,  5.3, 1.4,  10,  22,    25,  38,   10,     25, 14.57050093308409 ,        86.63470968251248,   128.38905349077646,         0.6621457294580873 , 34.342013582554706,       7.019402128726454 ,   129.20765600916474,        0.026576929035677   ,  94.3428344697327
1280, 206.7,  5.3, 5.0,  10,  18,    25,  48,   10,     25, 18.93730890751339 ,        64.1941863164917 ,   128.9470459968507 ,         0.2284790991116514 , 27.266878676722573,      29.866924487673803 ,   128.66391205389334,        0.448293675397289   ,  94.73788357867444
1290, 207.5,  5.4, 5.1,  10,  18,    25,  48,   10,     25, 18.793211532907133,        64.87848050511082,   128.24802495974788,         0.7720493564032184 , 27.286421898315787,      29.79687038059912  ,   129.079227576519  ,        0.1260232656898254  ,  95.57342350780296
1310, 209.2,  5.5, 2.1,  10,  20,    25,  40,   10,     25, 15.57226270452622 ,        81.15625795812164,   128.6314689757899 ,         0.4735120884168374 , 32.69618066127393 ,      11.919266834664535 ,   128.92957579119752,        0.2420283548605283  ,  93.79106523606356
1320, 210.0,  5.5, 4.4,  10,  18,    25,  46,   10,     25, 18.43981841172534 ,        66.57178789389776,   128.8340383838078 ,         0.3161561365766673 , 28.47388251635723 ,      25.61899165329825  ,   129.0945188881773 ,        0.1141775173385559  ,  92.62111320111124
1330, 210.8,  5.5, 4.4,  10,  18,    25,  46,   10,     25, 18.31017405708065 ,        67.19842851664592,   128.39400686025738,         0.6582877526141501 , 28.46665410047498 ,      25.64396400004243  ,   128.85556335861844,        0.299450050091801   ,  93.8001303193943
1340, 211.7,  5.6, 4.4,  10,  18,    25,  46,   10,     25, 18.18242059614416 ,        67.81881812352017,   127.95882259766636,         0.9978019427572884 , 28.459429353690904,      25.668929195448147 ,   128.61982646938782,        0.4825635024236785  ,  94.96811276414928
1350, 212.5,  5.6, 4.5,  10,  18,    25,  46,   10,     25, 18.050024001153453,        68.46480264336459,   127.2228170265187 ,         1.5746276599589155 , 28.473882516357232,      25.618991653298234 ,   129.0945188881773 ,        0.1141775173385559  ,  95.77259947396033
1360, 213.3,  5.7, 4.5,  10,  18,    25,  46,   10,     25, 17.92597373858565 ,        69.07289822819635,   126.79808257021   ,         1.909011593229613  , 28.46681469206688 ,      25.643409136708605 ,   128.8608382676938 ,        0.2953564826054886  ,  96.92067544074004
1370, 214.2,  5.7, 4.5,  10,  18,    25,  46,   10,     25, 17.803692897666725,        69.67502224071964,   126.37792397548002,         2.2408863753474138 , 28.45975037567492 ,      25.667819783020985 ,   128.63023623111718,        0.4744704415053959  ,  98.05819884059343
1380, 215.0,  5.8, 3.7,  10,  18,    25,  44,   10,     25, 17.794045276840002,        69.72264287839423,   128.81813668824526,         0.3284996413582358 , 29.7299190834546  ,      21.36204751746901  ,   128.52355036734428,        0.5574442602060946  ,  91.97063429742757
1390, 215.8,  5.8, 3.8,  10,  18,    25,  44,   10,     25, 17.655280773873415,        70.40944955053816,   127.97930618193296,         0.9817956660043672 , 29.75261617207188 ,      21.28659994289481  ,   129.07091316345347,        0.1324647958565374  ,  92.81030995529387
1410, 217.5,  5.9, 3.8,  10,  18,    25,  44,   10,     25, 17.421306721391332,        71.57544515154652,   127.1540745713381 ,         1.6286719148509887 , 29.73598322999105 ,      21.341884603160384 ,   128.667980408259  ,        0.4451317400221058  ,  94.99113340958
1420, 218.3,  5.9, 3.9,  10,  18,    25,  44,   10,     25, 17.28798890085914 ,        72.24433469512655,   126.35393089105222,         2.259870960292255  , 29.757951181669043,      21.26887325918357  ,   129.202305431374  ,        0.0307180833872277  ,  95.80379699798962
1430, 219.2,  6.0, 3.9,  10,  18,    25,  44,   10,     25, 17.175103952333703,        72.81328883523669,   125.95319239096123,         2.577483986454004  , 29.74984272299786 ,      21.29581642885816  ,   129.0030250448547 ,        0.1850761346545107  ,  96.87166538520336
1440, 220.0,  6.0, 3.9,  10,  18,    25,  44,   10,     25, 17.06375037906063 ,        73.3768593709303 ,   125.55656048110502,         2.892826012781392  , 29.741738681915216,      21.322751476556608 ,   128.8062708502523 ,        0.3377113501376989  ,  97.930148210406
1450, 220.8,  6.0, 3.1,  10,  18,    25,  42,   10,     25, 17.102085722336543,        73.18257809086937,   128.95110589600236,         0.2253306516362208 , 31.107855503636884,      16.872995164839434 ,   128.80217881664456,        0.3408882815124094  ,  90.62179218885744
1460, 221.7,  6.1, 3.1,  10,  18,    25,  42,   10,     25, 16.992754609852472,        73.73739251465419,   128.55071926020383,         0.5363074192164516 , 31.10448659121459 ,      16.883748397929505 ,   128.63564027664518,        0.4702693282785782  ,  91.62771766007872
1470, 222.5,  6.1, 3.1,  10,  18,    25,  42,   10,     25, 16.88487618844132 ,        74.28704837212605,   128.15435151811414,         0.8451156945084418 , 31.101118408404925,      16.894500368232197 ,   128.47119860214133,        0.5981854263107637  ,  92.62484986117744
1480, 223.3,  6.2, 3.2,  10,  18,    25,  42,   10,     25, 16.760109533634118,        74.9255113573922 ,   127.19588373431816,         1.5957987454004303 , 31.113331543061072,      16.855518467206107 ,   129.07738146615532,        0.1274534902571701  ,  93.5042820602559
1490, 224.2,  6.2, 3.2,  10,  18,    25,  42,   10,     25, 16.65516476821345 ,        75.46484667156452,   126.80907473310356,         1.900343725901087  , 31.11006674904119 ,      16.865937669246396 ,   128.91262882704473,        0.2551735558272176  ,  94.4863016225392
1510, 225.8,  6.3, 3.2,  10,  18,    25,  42,   10,     25, 16.449347448918168,        76.52875756263157,   126.04680812857232,         2.503197766365424  , 31.103539216064583,      16.886772517202758 ,   128.5891808475353 ,        0.5063927103919494  ,  96.4251205565917
1520, 226.7,  6.3, 3.3,  10,  18,    25,  42,   10,     25, 16.330598910485843,        77.146339481838  ,   125.1440831674666 ,         3.2218089775262264 , 31.11531053961908 ,      16.84920322228043  ,   129.17823660330208,        0.0493486094866405  ,  97.2667002911313
1530, 227.5,  6.4, 3.3,  10,  18,    25,  42,   10,     25, 16.231070176569016,        77.66609286650731,   124.77368371767714,         3.5181420429843264 , 31.11214426595509 ,      16.859307405119413 ,   129.01723393353603,        0.1740623659727893  ,  98.21760468058385
1540, 228.3,  6.4, 3.3,  10,  18,    25,  42,   10,     25, 16.132803371135672,        78.18117237264812,   124.4068324590244 ,         3.81248949116032   , 31.108978636621416,      16.86941047315159  ,   128.85816463639526,        0.2974313202360555  ,  99.16050365719607
1550, 229.2,  6.5, 3.3,  10,  18,    25,  42,   10,     25, 16.035774399910103,        78.69164205626153,   124.04347263259838,         4.104876062072696  , 31.10581365142139 ,      16.879512426561423 ,   128.7009938198619 ,        0.4194773210362152  , 100.09550786593184
1560, 230.0,  6.5, 2.5,  10,  18,    25,  40,   10,     25, 16.129480855134574,        78.19862121577134,   128.9404276507236 ,         0.2336118317737516 , 32.69598235545133 ,      11.91987119289467  ,   128.92347144330563,        0.2467630972597441  ,  90.59886733769952
1570, 230.8,  6.5, 2.5,  10,  18,    25,  40,   10,     25, 16.033732659199696,        78.70240378640804,   128.56873145370966,         0.5222967581636275 , 32.69181848877441 ,      11.932561818594207 ,   128.79608293588183,        0.3456211261877697  ,  91.50288348935364
1580, 231.7,  6.6, 2.4,  10,  18,    25,  40,   10,     25, 15.974412384461786,        79.01543594006964,   129.0821478896802 ,         0.1237608730160761 , 32.660276982101784,      12.028743355539854 ,   127.8774589379173 ,        1.0614062955166443  ,  92.22934646414222
1590, 232.5,  6.6, 2.4,  10,  18,    25,  40,   10,     25, 15.880801730658565,        79.51085080285034,   128.71482893813692,         0.4087281302325963 , 32.65594911130312 ,      12.041947420774738 ,   127.75745804475427,        1.1552880045273848  ,  93.11681435838506
1610, 234.2,  6.7, 2.3,  10,  18,    25,  40,   10,     25, 15.731771943219291,        80.30320007010212,   128.9352380013478 ,         0.2376367498753521 , 32.617049827072854,      12.16070058371568  ,   126.73810965264327,        1.956316333135727   ,  94.65785373682888
1620, 235.0,  6.8, 2.3,  10,  18,    25,  40,   10,     25, 15.641325067721093,        80.7862748339985 ,   128.57528423303643,         0.5172002094017332 , 32.612545759502005,      12.174459359484448 ,   126.62655045378966,        2.044369690273978   ,  95.52230409315868
1630, 235.8,  6.8, 2.2,  10,  18,    25,  40,   10,     25, 15.586502653407823,        81.07989147116393,   129.23760034259607,         0.0034042589032877 , 32.57471979971928 ,      12.290078465980546 ,   125.73743236944598,        2.748902213788093   ,  96.12227640983586
1640, 236.7,  6.8, 2.2,  10,  18,    25,  40,   10,     25, 15.49800617297779 ,        81.55515677747024,   128.8813018855245 ,         0.2794773752239256 , 32.57002324451901 ,      12.304442785657807 ,   125.63265934527892,        2.832247555714426   ,  96.9713244940664
1650, 237.5,  6.9, 2.2,  10,  18,    25,  40,   10,     25, 15.410556428869826,        82.02638209501094,   128.52818805365484,         0.5538359200766585 , 32.56532804340258 ,      12.318804907072032 ,   125.52908775347484,        2.9147045524395643  ,  97.8137274745992
1660, 238.3,  6.9, 2.2,  10,  18,    25,  40,   10,     25, 15.324134764740764,        82.49361977100362,   128.17821128771894,         0.8264997584762717 , 32.560634195784495,      12.33316483072776  ,   125.42669696616952,        2.996287395570492   ,  98.64957175577815
1670, 239.2,  7.0, 2.1,  10,  18,    25,  40,   10,     25, 15.27264402879512 ,        82.7727405279104 ,   128.92815827084783,         0.2431278124893938 , 32.51867328537364 ,      12.461622512332385 ,   124.55952313105558,        3.6898729457399777  ,  99.16736379847217
1680, 240.0,  7.0, 2.1,  10,  18,    25,  40,   10,     25, 15.188036396743373,        83.23258094645485,   128.58136663052505,         0.512469740899543  , 32.51377003343875 ,      12.476643301468044 ,   124.46351559484752,        3.766953504300964   ,  99.9886474931234
1690, 240.8,  7.0, 2.1,  10,  18,    25,  40,   10,     25, 15.1044056494585  ,        83.68858415417006,   128.2376009651054 ,         0.7801775605755343 , 32.50886825993166 ,      12.49166168463174  ,   124.36858609427448,        3.8432259321493167  , 100.80364933152666
1710, 242.5,  7.1, 4.7,  10,  16,    25,  44,   10,     25, 16.337821579487233,        77.10869737986883,   128.9071379168025 ,         0.2594330439371163 , 29.758814043780383,      21.266006486405946 ,   129.22365617374655,        0.0141944013181474  ,  98.64833131153004
1720, 243.3,  7.2, 4.7,  10,  16,    25,  44,   10,     25, 16.249249673506323,        77.571011444346  ,   128.56781209864096,         0.5230118247796416 , 29.752085046049643,      21.28836487549965  ,   129.05789033344882,        0.1425549707462064  ,  99.52494311537149
1730, 244.2,  7.2, 4.7,  10,  16,    25,  44,   10,     25, 16.16167742579698 ,        78.02962673667483,   128.2313792695412 ,         0.7850292976508411 , 29.74535909072337 ,      21.310717671532636 ,   128.89387321504907,        0.2697236773913262  , 100.39509738324962
1740, 245.0,  7.2, 1.9,  10,  18,    25,  38,   10,     25, 14.766061587702188,        85.54851662922933,   129.02898565440566,         0.1649541430715468 , 34.33310097684179 ,       7.045325890704572 ,   129.06454717577972,        0.1373970781309771  ,  92.8961937411364
1750, 245.8,  7.3, 1.9,  10,  18,    25,  38,   10,     25, 14.687599232809704,        85.98332591476914,   128.69611722288593,         0.4232664663845386 , 34.32767817708236 ,       7.061102162170897 ,   128.97869245070115,        0.2039399296778773  ,  93.67163447300244
1760, 246.7,  7.3, 1.9,  10,  18,    25,  38,   10,     25, 14.610006521075851,        86.41462017264304,   128.36603726815477,         0.6800740699975869 , 34.32225709007899 ,       7.076875854063585 ,   128.89376864468582,        0.2698048063176372  ,  94.44137490302184
1770, 247.5,  7.4, 1.9,  10,  18,    25,  38,   10,     25, 14.533268919470208,        86.84244271795409,   128.03870674110013,         0.9353933096201636 , 34.31683771502037 ,       7.092646967015254 ,   128.80976065676631,        0.3350020493048255  ,  95.20548504389431
1780, 248.3,  7.4, 1.8,  10,  18,    25,  38,   10,     25, 14.489770363418708,        87.08552113152682,   129.12137122915053,         0.0933791584121069 , 34.25958738806495 ,       7.259399998341642 ,   127.95038550899936,        1.0043955916070066  ,  95.44269587988758
1790, 249.2,  7.5, 1.8,  10,  18,    25,  38,   10,     25, 14.414532440979537,        87.5069393109185 ,   128.7958779191124 ,         0.3457803051902616 , 34.25836590009557 ,       7.262960752406915 ,   127.87211766831516,        1.0655831302519214  ,  96.1812634987676
1810, 250.8,  7.5, 1.8,  10,  18,    25,  38,   10,     25, 14.26648899173226 ,        88.33977423985526,   128.15285231770957,         0.846285520074078  , 34.25592318544304 ,       7.27008186585673  ,   127.71806517609797,        1.1861258074149903  ,  97.64226743320106
1820, 251.7,  7.6, 1.8,  10,  18,    25,  38,   10,     25, 14.19365711170657 ,        88.75127138866746,   127.8352477149402 ,         1.0944199049615395 , 34.25470195874127 ,       7.273642225255815 ,   127.64225433825472,        1.2454991964114657  ,  98.36483271529627
1830, 252.5,  7.6, 1.7,  10,  18,    25,  38,   10,     25, 14.15331814520562 ,        88.9796907142091 ,   129.05961460286494,         0.1412189369512577 , 34.24034112109661 ,       7.315518931445662 ,   126.80674360190756,        1.902181876649749   ,  98.33861045925578
1840, 253.3,  7.7, 1.7,  10,  18,    25,  38,   10,     25, 14.081865942530898,        89.3851769115773 ,   128.74331960523895,         0.3865959470283839 , 34.23904923630659 ,       7.319286942387243 ,   126.73629744173802,        1.9577460927774817  ,  99.0488058937704
1850, 254.2,  7.7, 1.7,  10,  18,    25,  38,   10,     25, 14.01116688102204 ,        89.78751064307204,   128.4295447987503 ,         0.6306130557677558 , 34.237757448998266,       7.323054805962234 ,   126.66658218132622,        2.012763930557777   ,  99.7539424353598
1860, 255.0,  7.8, 1.7,  10,  18,    25,  38,   10,     25, 13.941208985948592,        90.18672926945774,   128.11825660294198,         0.8732843306041072 , 34.23646575916062 ,       7.326822522179224 ,   126.59758648040238,        2.067243428569387   , 100.45407955081046
1870, 255.8,  7.8, 1.7,  10,  18,    25,  38,   10,     25, 13.871980536246474,        90.5828695569586 ,   127.80942206240192,         1.11462362363457   , 34.23517416678261 ,       7.330590091046909 ,   126.5292992325474 ,        2.121192468108941   , 101.14927573974904
1880, 256.7,  7.8, 1.6,  10,  18,    25,  38,   10,     25, 13.850130648534067,        90.70812402786636,   129.19711039373573,         0.0347390193348624 , 34.21871490215771 ,       7.378613681746065 ,   125.71631518837826,        2.7656950972685443  , 100.88717182621583
1890, 257.5,  7.9, 1.6,  10,  18,    25,  38,   10,     25, 13.782097707244894,        91.09881529556668,   128.88904723480687,         0.2734678908051402 , 34.2173440111235  ,       7.382614567029258 ,   125.65305143648638,        2.816020588307019   , 101.57091834170812
1910, 259.2,  8.0, 3.1,  10,  16,    25,  40,   10,     25, 14.970986541373206,        84.4191098831848 ,   129.0514517222628 ,         0.1475440251904419 , 32.70417886835598 ,      11.894894314970642 ,   129.1786667702295 ,        0.0490156074295636  ,  96.51056383077544
1920, 260.0,  8.0, 3.1,  10,  16,    25,  40,   10,     25, 14.898443007888046,        84.81789744589162,   128.74788493977928,         0.3830499481295906 , 32.70081914481786 ,      11.905131542567684 ,   129.07334286934864,        0.1305823562610898  ,  97.23666129285
1930, 260.8,  8.0, 3.0,  10,  16,    25,  40,   10,     25, 14.855604049567688,        85.05391811835878,   129.0592665215833 ,         0.141488642992318  , 32.67586681982644 ,      11.98119335597727  ,   128.3215512997794 ,        0.7147352143388293  ,  97.8913353316672
1940, 261.7,  8.1, 3.0,  10,  16,    25,  40,   10,     25, 14.784377109194962,        85.44720907078222,   128.75888196726754,         0.3745088226432821 , 32.672401125386   ,      11.991762101420864 ,   128.2211910541798 ,        0.7929746707795419  ,  98.6064546656259
1950, 262.5,  8.1, 2.9,  10,  16,    25,  40,   10,     25, 14.742669932928736,        85.67800611637495,   129.11009592022725,         0.1021118712452535 , 32.645656373222884,      12.073356533360066 ,   127.47756817835295,        1.3745986207184786  ,  99.22807314169874
1960, 263.3,  8.2, 2.9,  10,  16,    25,  40,   10,     25, 14.67272074340511 ,        86.06592638787492,   128.8127289808442 ,         0.33269765747067   , 32.64207781112773 ,      12.084278981597892 ,   127.38202776503056,        1.44956982490545    ,  99.93247285184894
1970, 264.2,  8.2, 2.8,  10,  16,    25,  40,   10,     25, 14.632111323534344,        86.29161955080806,   129.2072683310446 ,         0.0268769721653184 , 32.61334996604833 ,      12.17200258306933  ,   126.64637634463776,        2.028715561402725   , 100.51921466744542
1980, 265.0,  8.2, 2.8,  10,  16,    25,  40,   10,     25, 14.563402573904192,        86.67429119164262,   128.91275187420035,         0.2550781059882104 , 32.6096509443038  ,      12.183303222457324 ,   126.55551737999905,        2.100475913540681   , 101.21314843362885
1990, 265.8,  8.3, 2.8,  10,  16,    25,  40,   10,     25, 14.495367307180658,        87.05422122639402,   128.6204170463184 ,         0.4821043413782399 , 32.60595276155375 ,      12.194602502125012 ,   126.46552026400882,        2.1716058511885445  , 101.90253392108582
2010, 267.5,  8.4, 2.7,  10,  16,    25,  40,   10,     25, 14.389504977312562,        87.64739601343364,   128.77308101881843,         0.3634818393792716 , 32.57106680641219 ,      12.301250904609528 ,   125.65583767639356,        2.8138036448620176  , 103.12593240228446
2020, 268.3,  8.4, 2.7,  10,  16,    25,  40,   10,     25, 14.323301308810718,        88.0196003220426 ,   128.48549846801387,         0.5870553483682732 , 32.56724073969827 ,      12.312953937749054 ,   125.57113989095583,        2.881217279937009   , 103.80082688809694
2030, 269.2,  8.5, 2.6,  10,  16,    25,  40,   10,     25, 14.28581276049782 ,        88.23079253124334,   128.97999194044507,         0.2029324129877703 , 32.533580705365786,      12.415967654815384 ,   124.85804573350156,        3.4505733785630897  , 104.30026597760956
2040, 270.0,  8.5, 2.6,  10,  16,    25,  40,   10,     25, 14.220744073413734,        88.59809405410779,   128.6948358168902 ,         0.4242621503647758 , 32.52961663990981 ,      12.428105925127122 ,   124.77767341437963,        3.5149455360000657  , 104.96540766559976
2050, 270.8,  8.5, 2.6,  10,  16,    25,  40,   10,     25, 14.156294386669854,        88.96282540490421,   128.4117299077585 ,         0.6444852108593333 , 32.52565354034201 ,      12.440242624643409 ,   124.6980444488616 ,        3.5787625075047527  , 105.62631574791168
2060, 271.7,  8.6, 2.5,  10,  16,    25,  40,   10,     25, 14.120263151830429,        89.16713412478646,   128.9633551414429 ,         0.2158319748283    , 32.48908013284304 ,      12.55231146973915  ,   123.99568102010468,        4.143395215721323   , 106.07867278507524
2070, 272.5,  8.6, 2.5,  10,  16,    25,  40,   10,     25, 14.056900188859888,        89.52712418993463,   128.6824623860887 ,         0.4338771194751689 , 32.48496879453127 ,      12.56491689452288  ,   123.92021347202991,        4.204250274939267   , 106.73016847887196
2080, 273.3,  8.7, 2.5,  10,  16,    25,  40,   10,     25, 13.994131241788317,        89.88462426006666,   128.40355994274935,         0.6508476664119062 , 32.4808584966284  ,      12.577520624049091 ,   123.84543536083294,        4.264585186912214   , 107.37757773743986
2090, 274.2,  8.7, 2.4,  10,  16,    25,  40,   10,     25, 13.9594938748107  ,        90.08227939497546,   129.01813439805215,         0.1733644276687281 , 32.44100835495939 ,      12.699793781321365 ,   123.15346060209718,        4.824602933332009   , 107.78004053729757
2110, 275.8,  8.8, 2.4,  10,  16,    25,  40,   10,     25, 13.836608715563887,        90.78569260627066,   128.46625718790364,         0.6020317863006881 , 32.43246956220952 ,      12.726011867714009 ,   123.01255482651224,        4.939015018200199   , 109.05275127848554
2120, 276.7,  8.8, 2.3,  10,  16,    25,  38,   10,     25, 13.80330539616648 ,        90.97691376284726,   129.15058170093826,         0.070759228813725  , 34.3269709816632  ,       7.063159746519931 ,   128.9675629653846 ,        0.2125692259137541  ,  98.32340196409469
2130, 277.5,  8.9, 2.3,  10,  16,    25,  38,   10,     25, 13.743146144049348,        91.32297467505704,   128.8773855824354 ,         0.2825161052834871 , 34.32249275390996 ,       7.076190095003539 ,   128.8974418325459 ,        0.2669550728149774  ,  98.94863594815904
2140, 278.3,  8.9, 2.3,  10,  16,    25,  38,   10,     25, 13.68353494463346 ,        91.66669585055402,   128.60607074067096,         0.4932588849723167 , 34.31801569444553 ,       7.08921868354834  ,   128.82794610947892,        0.3208850133563588  ,  99.57005843243104
2150, 279.2,  9.0, 2.3,  10,  16,    25,  38,   10,     25, 13.624464260347644,        92.00810141461038,   128.33661549434248,         0.702996639623909  , 34.313539802812784,       7.102245512510851 ,   128.75906744332767,        0.3743647741135061  , 100.18770834085863
2160, 280.0,  9.0, 2.2,  10,  16,    25,  38,   10,     25, 13.592855457453304,        92.19111646567042,   129.09836876088838,         0.1111953503825441 , 34.265193323064175,       7.243059731646778 ,   128.05122399725423,        0.9256178489632292  , 100.47098939666296
2170, 280.8,  9.0, 2.2,  10,  16,    25,  38,   10,     25, 13.534728585470328,        92.52827072837316,   128.83043265385317,         0.3189549088327856 , 34.26052840230839 ,       7.256656935400361 ,   127.9862405341622 ,        0.976377603975414   , 101.0802601765817
2180, 281.7,  9.1, 2.2,  10,  16,    25,  38,   10,     25, 13.477121462353958,        92.86317883012228,   128.56430760606966,         0.5257376363078352 , 34.25914320054344 ,       7.260694833224317 ,   127.92182734827264,        1.0267172217338902  , 101.67632852138831
2190, 282.5,  9.1, 2.2,  10,  16,    25,  38,   10,     25, 13.420027070896117,        93.1958635926414 ,   128.29997312753014,         0.7315521124810039 , 34.258143820731824,       7.263608148101929 ,   127.85797694690288,        1.076641911471616   , 102.26766576469592
2210, 284.2,  9.2, 2.1,  10,  16,    25,  38,   10,     25, 13.333817064095507,        93.69963762740804,   128.88513942112277,         0.2764998517223062 , 34.24563271417425 ,       7.300086491819735 ,   127.10311251683694,        1.6687562030444894  , 102.94498017399458
2220, 285.0,  9.2, 2.1,  10,  16,    25,  38,   10,     25, 13.278109432305412,        94.0260907502257 ,   128.6238092117943 ,         0.4794670453560895 , 34.24458657189432 ,       7.30313728637778  ,   127.04350110351416,        1.7156638881399997  , 103.52435897009956
2230, 285.8,  9.3, 2.1,  10,  16,    25,  38,   10,     25, 13.222888665135066,        94.35040781296672,   128.36420563864044,         0.6815009438017054 , 34.243540493527945,       7.306187984337972 ,   126.98440234930864,        1.7621897119045615  , 104.10028645301097
2240, 286.7,  9.3, 2.1,  10,  16,    25,  38,   10,     25, 13.168148336671734,        94.67261013163338,   128.10630960379024,         0.8826095636363387 , 34.24249447906927 ,       7.309238585704916 ,   126.92580965462872,        1.8083383298580904  , 104.67279661083272
2250, 287.5,  9.4, 2.0,  10,  16,    25,  38,   10,     25, 13.14001733620845 ,        94.83846412724466,   129.05113160944376,         0.1477920758999029 , 34.2296859862038  ,       7.346600615069708 ,   126.2467334118699 ,        2.344734774117389   , 104.67759159233164
2260, 288.3,  9.4, 2.0,  10,  16,    25,  38,   10,     25, 13.08611184055204 ,        95.15680091455698,   128.79420340103863,         0.3470804430224835 , 34.2285885612334  ,       7.349802400571753 ,   126.19166202457592,        2.388360211607968   , 105.24204396975918
2270, 289.2,  9.5, 2.0,  10,  16,    25,  38,   10,     25, 13.032669095063104,        95.47308426557504,   128.5389427050963 ,         0.5454687903038592 , 34.227491206629004,       7.353004079651991 ,   126.13705695724614,        2.4316348253049225  , 105.8031919608358
2280, 290.0,  9.5, 2.0,  10,  16,    25,  38,   10,     25, 12.979683099696354,        95.7873343816894 ,   128.28533140197462,         0.7429647119917605 , 34.226393922383835,       7.356205652315744 ,   126.08291230028044,        2.4745628393709187  , 106.36106758536783
2290, 290.8,  9.5, 2.0,  10,  16,    25,  38,   10,     25, 12.92714795817207 ,        96.09957119732626,   128.0333516473596 ,         0.9395757074288584 , 34.22529670849112 ,       7.359407118568328 ,   126.02922224369694,        2.517148410278655   , 106.91570243360208
2310, 292.5,  9.6, 5.0,  10,  14,    25,  42,   10,     25, 14.19924587211484 ,        88.7196535197033 ,   128.91506334880395,         0.2532850714638797 , 31.113853973695285,      16.853851284857118 ,   129.10393299099135,        0.1068853745132897  , 105.93367525053758
2320, 293.3,  9.7, 5.0,  10,  14,    25,  42,   10,     25, 14.142372718453831,        89.04173151883566,   128.6644647626242 ,         0.447864102908284  , 31.111764356418288,      16.860519832141442 ,   128.9980442315188 ,        0.1889372108862197  , 106.53905266477162
2330, 294.2,  9.7, 5.0,  10,  14,    25,  42,   10,     25, 14.08597559347852 ,        89.36182409316159,   128.4154511854538 ,         0.6415873561919712 , 31.1096750198013  ,      16.867187893825527 ,   128.8929957879022 ,        0.2704044145835559  , 107.14100375776265
2340, 295.0,  9.8, 5.0,  10,  14,    25,  42,   10,     25, 14.03004848070196 ,        89.67994991404973,   128.16800583453144,         0.8344618632726609 , 31.107585963787766,      16.87385546996247  ,   128.78877761708435,        0.3512932736948297  , 107.7395605209797
2350, 295.8,  9.8, 5.1,  10,  14,    25,  42,   10,     25, 13.962821402893065,        90.06327944173975,   127.6704492805846 ,         1.2234134420625475 , 31.11512427038743 ,      16.849797616839833 ,   129.16871170274524,        0.0567223369122976  , 108.19321283755444
2360, 296.7,  9.8, 5.1,  10,  14,    25,  42,   10,     25, 13.907862972596412,        90.37740751241346,   127.42657175247976,         1.4146089138415954 , 31.11307545602079 ,      16.856335702369485 ,   129.06438537936356,        0.1375224390024877  , 108.78587456762702
2370, 297.5,  9.9, 5.1,  10,  14,    25,  42,   10,     25, 13.853356724107249,        90.68962375705428,   127.18421058558236,         1.6049758795860996 , 31.11102691144988 ,      16.862873321123416 ,   128.9608728778381 ,        0.2177567732136618  , 109.37522973097748
2380, 298.3,  9.9, 5.1,  10,  14,    25,  42,   10,     25, 13.799297038769208,        90.99994592607366,   126.94334999440036,         1.794521041620751  , 31.108978636621416,      16.86941047315159  ,   128.8581646363953 ,        0.2974313202360334  , 109.96130876108204
2390, 299.2, 10.0, 5.2,  10,  14,    25,  42,   10,     25, 13.734116759849458,        91.37498648721667,   126.46344698425803,         2.1732450743710743 , 31.11634580733661 ,      16.845899689903263 ,   129.23129743260864,        0.00828137180718933 , 110.4024126232982
2410, 300.8, 10.0, 5.2,  10,  14,    25,  42,   10,     25, 13.628270032980451,        91.98608144376126,   125.98999029493567,         2.5482775112214067 , 31.112326918073517,      16.858724501798473 ,   129.02646965765223,        0.16690410767791997 , 111.55998756445906
2420, 301.7, 10.1, 1.7,  10,  16,    25,  38,   10,     25, 12.389191351795397,        99.33520731902858,   129.13348542137268,         0.0839975808466008 , 34.16428635175685 ,       7.537579713474206 ,   123.61522261573089,        4.450556979200996   , 111.40734159255038
2430, 302.5, 10.1, 1.7,  10,  16,    25,  38,   10,     25, 12.341996553224373,        99.62244613878049,   128.89478754256052,         0.2690143165915253 , 34.163000199563534,       7.541339044555912 ,   123.57406173889694,        4.483843488517571   , 111.91664298844549
2440, 303.3, 10.2, 1.7,  10,  16,    25,  38,   10,     25, 12.295178458755515,        99.90793744624973,   128.65753047415276,         0.4532536563929902 , 34.1617141442038  ,       7.545098228779936 ,   123.53322744802865,        4.516876601877513   , 112.42316593330017
2450, 304.2, 10.2, 3.9,  10,  14,    25,  40,   10,     25, 13.570011940358365,        92.32352335836869,   129.0554852935042 ,         0.14441852291658824, 32.69160498573777 ,      11.933212573747841 ,   128.78959123228853,        0.3506615337686985  , 104.75181598880182
2460, 305.0, 10.2, 4  ,  10,  14,    25,  40,   10,     25, 13.507329345194748,        92.68746496415599,   128.424915153021  ,         0.6342178983233006 , 32.70535493469882 ,      11.891311022043762 ,   129.21577485066436,        0.020293565825816623, 105.23328745034887
2470, 305.8, 10.3, 4  ,  10,  14,    25,  40,   10,     25, 13.456580707681184,        92.9827812910383 ,   128.19076672285965,         0.8167051075297268 , 32.70275090150206 ,      11.899245272854648 ,   129.13377802979727,        0.08377098737966028 , 105.78250265880233
2480, 306.7, 10.3, 4  ,  10,  14,    25,  40,   10,     25, 13.406230959678076,        93.2763659211711 ,   127.95800933005864,         0.998437498727795  , 32.70014728294375 ,      11.90717885437503  ,   129.05240144370114,        0.14680810365157898 , 106.32879037792551
2490, 307.5, 10.4, 4  ,  10,  14,    25,  40,   10,     25, 13.356275364545336,        93.56823434628895,   127.72662913475715,         1.1794209046802882 , 32.6975440789249  ,      11.915111766689531 ,   128.97163804468423,        0.20940950862477462 , 106.87217652628354
2510, 309.2, 10.5, 4  ,  10,  14,    25,  40,   10,     25, 13.257528060063144,        94.14688362003665,   127.26794593685781,         1.5391637590755312 , 32.692338914109534,      11.93097558403975  ,   128.81192314944656,        0.33332324136328945 , 107.95034620451521
2520, 310.0, 10.5, 4.1,  10,  14,    25,  40,   10,     25, 13.19751349868245 ,        94.49967873572288,   126.66870128191321,         2.0110911385858845 , 32.70573604751286 ,      11.890149856024767 ,   129.2278268379394 ,        0.010966976094639699, 108.41188670642816
2530, 310.8, 10.5, 4.1,  10,  14,    25,  40,   10,     25, 13.149129738471007,        94.78471903149827,   126.44335691804784,         2.189130512350123  , 32.70319546318016 ,      11.897890692049648 ,   129.1477333835372 ,        0.07296467644313569 , 108.94470491234117
2540, 311.7, 10.6, 4.1,  10,  14,    25,  40,   10,     25, 13.10111722897441 ,        95.06811816006245,   126.21931953651483,         2.366448641985588  , 32.70065527352241 ,      11.90563089102043  ,   129.06823143269392,        0.13454253541741512 , 109.47474022848587
2550, 312.5, 10.6, 4.1,  10,  14,    25,  40,   10,     25, 13.05347166589868 ,        95.349890536975  ,   125.9965764403255 ,         2.543050979939366  , 32.69811547844765 ,      11.913370453015737 ,   128.98931442257785,        0.19570482997940292 , 110.00201679990951
2560, 313.3, 10.7, 4.1,  10,  14,    25,  40,   10,     25, 13.006188811540914,        95.63005040764592,   125.7751151050547 ,         2.718942917628965  , 32.69557607786393 ,      11.921109378114238 ,   128.91097588753976,        0.2564557788436516  , 110.52655848223277
2570,314.2,10.7,4.1,10,14,25,40,10,25,12.95926449350329,95.90861184985728,125.55492317583206,2.894129786350307,32.693037071679385,11.928847666394473,128.83320945731313,0.31679954347143496,111.0483888460735
2580,315.0,10.8,1.5,10,16,25,36,10,25,11.759599132326523,103.21297498739415,129.04950760686427,0.1490505010553488,36.213911431075175,1.714859572512958,128.84909297002045,0.30447159214841985,105.38135665311087
2590,315.8,10.8,1.5,10,16,25,36,10,25,11.717629452837397,103.47504858733059,128.8260414228606,0.3223634936321339,36.21244959464611,1.7188960274259228,128.81478350835968,0.33110270215118676,105.84741081053984
2610,317.5,10.9,1.5,10,16,25,36,10,25,11.634629208675987,103.99466777070705,128.38289357819156,0.6669436403261919,36.209526275816536,1.7269684442556525,128.7469319745865,0.38379012744800195,106.7723699827369
2620,318.3,10.9,1.5,10,16,25,36,10,25,11.593591583630044,104.25223987123505,128.16318805860826,0.8382208218321543,36.208064793387464,1.7310044061924472,128.71338419707567,0.4098505674302678,107.23131566668992
2630,319.2,11.0,1.5,10,16,25,36,10,25,11.552857671590756,104.50833772830764,127.94471249796669,1.008829336036212,36.20660342892982,1.735040203823917,128.68008467938128,0.43572485955765833,107.68793212772542
2640,320.0,11.0,1.5,10,16,25,36,10,25,11.512424073722109,104.76297421283299,127.72745535736887,1.178774061317783,36.2051421824293,1.7390758371601298,128.6470306733785,0.4614149931603885,108.14223910447129
2650,320.8,11.0,1.5,10,16,25,36,10,25,11.47228744196216,105.01616204477725,127.51140524939642,1.3480598233332608,36.20368105387165,1.7431113062110613,128.61421947139024,0.4869229292950224,108.59425610361659
2660,321.7,11.1,1.5,10,16,25,36,10,25,11.432444478076006,105.26791379538597,127.29655093555945,1.5166913957732773,36.20222004324258,1.747146610986752,128.5816484054446,0.5122506012458045,109.0440024033918
2670,322.5,11.1,1.4,10,16,25,36,10,25,11.43339827838079,105.2618822577246,129.18016428469136,0.04785635588169654,36.17292038854863,1.8281062193937634,127.97485756989515,0.9852716824833395,108.12311651548339
2680,323.3,11.2,2.9,10,14,25,38,10,25,12.666877319787828,97.65623486900009,129.0954351804134,0.1134677360903821,34.324500090815995,7.070349121963387,128.9287976000363,0.2426319342661828,105.08268366132005
2690,324.2,11.2,2.9,10,14,25,38,10,25,12.623259134035537,97.91871547432132,128.87974230764107,0.2806874687271936,34.320948808353904,7.080682910529075,128.8734075694615,0.28560281155575146,105.56568866513334
2710,325.8,11.3,2.8,10,14,25,38,10,25,12.558631374727085,98.30847732748981,129.15139728417788,0.07012773296406738,34.27952924022823,7.201284893758704,128.25446311446876,0.7670294757347583,106.34691942994733
2720,326.7,11.3,2.8,10,14,25,38,10,25,12.515873280000223,98.56690704932086,128.93804643679545,0.2354586013903708,34.275860770868334,7.211973203655135,128.20194022505453,0.8079893230629189,106.82232817742928
