wp,wf,P,volume,n1,Pd1,Np1,Helix1,Pd2,Np2,Helix2,s1_bending,s1_contact,s2_bending,s2_contact
1200,200.0,5.0,197.76,2.7,10,16,25,10,20,15,14.22,127.1,16.1,127.17
1205,200.42,5.02,198.37,2.7,10,16,25,10,20,15,14.23,127.12,16.1,127.14
1210,200.83,5.04,198.97,2.7,10,16,25,10,20,15,14.23,127.15,16.1,127.11
1215,201.25,5.06,208.67,3.0,8,12,25,8,18,20,10.73,127.17,15.95,128.26
1220,201.67,5.08,200.18,2.7,10,16,25,10,20,15,14.24,127.19,16.1,127.06
1225,202.08,5.1,210.57,2.9,10,16,25,10,24,20,14.19,125.82,18.81,129.0
1230,202.5,5.12,201.37,2.7,10,16,25,10,20,15,14.24,127.24,16.1,127.01
1235,202.92,5.15,212.82,2.9,10,16,25,8,18,20,14.19,125.86,15.43,125.34
1240,203.33,5.17,202.56,2.7,10,16,25,10,20,15,14.25,127.28,16.1,126.96
1245,203.75,5.19,214.07,2.9,10,16,25,8,18,20,14.2,125.91,15.43,125.29
1250,204.17,5.21,203.75,2.7,10,16,25,10,20,15,14.26,127.33,16.11,126.91
1255,204.58,5.23,204.34,2.7,10,16,25,10,20,15,14.26,127.35,16.11,126.88
1260,205.0,5.25,204.93,2.7,10,16,25,10,20,15,14.27,127.37,16.11,126.86
1265,205.42,5.27,215.47,3.0,10,16,25,8,18,20,14.19,125.36,15.97,127.97
1270,205.83,5.29,206.1,2.7,10,16,25,10,20,15,14.27,127.42,16.11,126.81
1275,206.25,5.31,217.77,2.9,10,16,25,8,18,20,14.22,126.04,15.44,125.13
1280,206.67,5.33,207.26,2.7,10,16,25,10,20,15,14.28,127.46,16.11,126.76
1285,207.08,5.35,207.84,2.7,10,16,25,10,20,15,14.28,127.49,16.11,126.74
1290,207.5,5.38,208.42,2.7,10,16,25,10,20,15,14.29,127.51,16.12,126.72
1295,207.92,5.4,209.0,2.7,10,16,25,10,20,15,14.29,127.53,16.12,126.69
1300,208.33,5.42,209.57,2.7,10,16,25,10,20,15,14.29,127.55,16.12,126.67
1305,208.75,5.44,210.15,2.7,10,16,25,10,20,15,14.3,127.57,16.12,126.65
1310,209.17,5.46,210.72,2.7,10,16,25,10,20,15,14.3,127.6,16.12,126.63
1315,209.58,5.48,211.29,2.7,10,16,25,10,20,15,14.3,127.62,16.12,126.6
1320,210.0,5.5,211.86,2.7,10,16,25,10,20,15,14.31,127.64,16.12,126.58
1325,210.42,5.52,212.43,2.7,10,16,25,10,20,15,14.31,127.66,16.12,126.56
1330,210.83,5.54,212.99,2.7,10,16,25,10,20,15,14.31,127.68,16.13,126.54
1335,211.25,5.56,218.52,3.0,10,16,25,8,18,20,14.23,125.67,15.99,127.61
1340,211.67,5.58,214.12,2.7,10,16,25,10,20,15,14.32,127.72,16.13,126.5
1345,212.08,5.6,214.68,2.7,10,16,25,10,20,15,14.32,127.75,16.13,126.48
1350,212.5,5.62,215.24,2.7,10,16,25,10,20,15,14.33,127.77,16.13,126.46
1355,212.92,5.65,215.8,2.7,10,16,25,10,20,15,14.33,127.79,16.13,126.44
1360,213.33,5.67,216.36,2.7,10,16,25,10,20,15,14.33,127.81,16.13,126.42
1365,213.75,5.69,216.91,2.7,10,16,25,10,20,15,14.34,127.83,16.13,126.4
1370,214.17,5.71,217.47,2.7,10,16,25,10,20,15,14.34,127.85,16.13,126.38
1375,214.58,5.73,218.02,2.7,10,16,25,10,20,15,14.34,127.87,16.14,126.36
1380,215.0,5.75,218.57,2.7,10,16,25,10,20,15,14.34,127.89,16.14,126.34
1385,215.42,5.77,226.62,3.1,8,12,25,10,22,15,10.8,127.28,16.39,124.39
1390,215.83,5.79,219.67,2.7,10,16,25,10,20,15,14.35,127.94,16.14,126.3
1395,216.25,5.81,210.64,2.8,10,16,25,10,20,15,14.33,127.23,16.75,129.24
1400,216.67,5.83,211.16,2.8,10,16,25,10,20,15,14.33,127.25,16.75,129.22
1405,217.08,5.85,223.71,3.0,10,16,25,8,18,20,14.28,125.96,16.02,127.3
1410,217.5,5.88,212.19,2.8,10,16,25,10,20,15,14.34,127.29,16.75,129.18
1415,217.92,5.9,227.84,3.1,8,12,25,10,22,15,10.81,127.4,16.4,124.26
1420,218.33,5.92,213.21,2.8,10,16,25,10,20,15,14.34,127.33,16.75,129.14
1425,218.75,5.94,213.72,2.8,10,16,25,10,20,15,14.35,127.35,16.75,129.12
1430,219.17,5.96,214.22,2.8,10,16,25,10,20,15,14.35,127.37,16.76,129.1
1435,219.58,5.98,214.73,2.8,10,16,25,10,20,15,14.35,127.39,16.76,129.09
1440,220.0,6.0,215.24,2.8,10,16,25,10,20,15,14.35,127.41,16.76,129.07
1445,220.42,6.02,232.6,2.9,10,16,25,6,12,20,14.33,126.75,10.53,127.89
1450,220.83,6.04,216.24,2.8,10,16,25,10,20,15,14.36,127.45,16.76,129.03
1455,221.25,6.06,216.74,2.8,10,16,25,10,20,15,14.36,127.47,16.76,129.01
1460,221.67,6.08,217.24,2.8,10,16,25,10,20,15,14.37,127.49,16.76,129.0
1465,222.08,6.1,217.74,2.8,10,16,25,10,20,15,14.37,127.51,16.76,128.98
1470,222.5,6.12,218.23,2.8,10,16,25,10,20,15,14.37,127.53,16.77,128.96
1475,222.92,6.15,234.45,3.0,10,16,25,10,22,15,14.32,126.23,15.88,121.44
1480,223.33,6.17,219.22,2.8,10,16,25,10,20,15,14.38,127.57,16.77,128.93
1485,223.75,6.19,219.72,2.8,10,16,25,10,20,15,14.38,127.59,16.77,128.91
1490,224.17,6.21,220.21,2.8,10,16,25,10,20,15,14.39,127.61,16.77,128.9
1495,224.58,6.23,220.7,2.8,10,16,25,10,20,15,14.39,127.63,16.77,128.88
1500,225.0,6.25,221.19,2.8,10,16,25,10,20,15,14.39,127.65,16.77,128.86
1505,225.42,6.27,234.95,2.9,10,16,25,8,16,15,14.37,126.99,13.91,123.88
1510,225.83,6.29,222.16,2.8,10,16,25,10,20,15,14.4,127.69,16.78,128.83
1515,226.25,6.31,232.91,2.7,10,16,25,10,20,15,14.43,128.44,16.17,125.9
1520,226.67,6.33,223.13,2.8,10,16,25,10,20,15,14.4,127.73,16.78,128.8
1525,227.08,6.35,236.3,3.0,10,16,25,8,18,20,14.35,126.43,16.06,126.85
1530,227.5,6.38,224.09,2.8,10,16,25,10,20,15,14.41,127.77,16.78,128.77
1535,227.92,6.4,224.57,2.8,10,16,25,10,20,15,14.41,127.79,16.78,128.75
1540,228.33,6.42,225.05,2.8,10,16,25,10,20,15,14.42,127.81,16.78,128.74
1545,228.75,6.44,225.53,2.8,10,16,25,10,20,15,14.42,127.82,16.78,128.72
1550,229.17,6.46,226.0,2.8,10,16,25,10,20,15,14.42,127.84,16.78,128.71
1555,229.58,6.48,236.96,2.7,10,16,25,10,20,15,14.45,128.59,16.18,125.79
1560,230.0,6.5,226.95,2.8,10,16,25,10,20,15,14.43,127.88,16.79,128.68
1565,230.42,6.52,237.96,2.7,10,16,25,10,20,15,14.46,128.63,16.18,125.76
1570,230.83,6.54,227.89,2.8,10,16,25,10,20,15,14.43,127.92,16.79,128.65
1575,231.25,6.56,238.76,3.2,8,12,25,10,22,15,10.87,127.42,16.98,126.25
1580,231.67,6.58,228.83,2.8,10,16,25,10,20,15,14.44,127.96,16.79,128.63
1585,232.08,6.6,229.3,2.8,10,16,25,10,20,15,14.44,127.98,16.79,128.61
1590,232.5,6.62,238.16,3.0,8,12,25,8,16,15,10.91,128.71,14.41,126.33
1595,232.92,6.65,243.28,3.0,10,16,25,8,18,20,14.39,126.69,16.08,126.64
1600,233.33,6.67,230.69,2.8,10,16,25,10,20,15,14.45,128.03,16.8,128.57
1605,233.75,6.69,231.15,2.8,10,16,25,10,20,15,14.45,128.05,16.8,128.56
1610,234.17,6.71,231.62,2.8,10,16,25,10,20,15,14.46,128.07,16.8,128.55
1615,234.58,6.73,232.08,2.8,10,16,25,10,20,15,14.46,128.09,16.8,128.53
1620,235.0,6.75,240.35,3.2,8,12,25,10,22,15,10.89,127.59,16.99,126.11
1625,235.42,6.77,241.45,3.0,8,12,25,8,16,15,10.92,128.83,14.42,126.23
1630,235.83,6.79,233.45,2.8,10,16,25,10,20,15,14.47,128.14,16.8,128.5
1635,236.25,6.81,245.01,3.0,10,16,25,8,16,15,14.42,126.84,14.42,126.2
1640,236.67,6.83,234.36,2.8,10,16,25,10,20,15,14.47,128.18,16.81,128.47
1645,237.08,6.85,234.81,2.8,10,16,25,10,20,15,14.48,128.2,16.81,128.46
1650,237.5,6.88,235.26,2.8,10,16,25,10,20,15,14.48,128.22,16.81,128.45
1655,237.92,6.9,235.71,2.8,10,16,25,10,20,15,14.48,128.23,16.81,128.44
1660,238.33,6.92,236.16,2.8,10,16,25,10,20,15,14.49,128.25,16.81,128.42
1665,238.75,6.94,240.17,3.1,10,16,25,8,18,20,14.4,126.34,16.64,129.12
1670,239.17,6.96,237.06,2.8,10,16,25,10,20,15,14.49,128.29,16.81,128.4
1675,239.58,6.98,237.5,2.8,10,16,25,10,20,15,14.49,128.31,16.81,128.39
1680,240.0,7.0,237.95,2.8,10,16,25,10,20,15,14.5,128.32,16.82,128.38
1685,240.42,7.02,238.39,2.8,10,16,25,10,20,15,14.5,128.34,16.82,128.37
1690,240.83,7.04,238.83,2.8,10,16,25,10,20,15,14.5,128.36,16.82,128.36
1695,241.25,7.06,242.84,3.1,10,16,25,8,18,20,14.42,126.45,16.65,129.04
1700,241.67,7.08,239.71,2.8,10,16,25,10,20,15,14.51,128.39,16.82,128.33
1705,242.08,7.1,240.15,2.8,10,16,25,10,20,15,14.51,128.41,16.83,128.32
1710,242.5,7.12,240.59,2.8,10,16,25,10,20,15,14.51,128.43,16.83,128.31
1715,242.92,7.15,244.59,3.1,10,16,25,8,18,20,14.43,126.52,16.65,128.99
1720,243.33,7.17,241.46,2.8,10,16,25,10,20,15,14.52,128.47,16.83,128.29
1725,243.75,7.19,241.9,2.8,10,16,25,10,20,15,14.52,128.48,16.83,128.28
1730,244.17,7.21,242.33,2.8,10,16,25,10,20,15,14.53,128.5,16.83,128.27
1735,244.58,7.23,242.76,2.8,10,16,25,10,20,15,14.53,128.52,16.84,128.26
1740,245.0,7.25,243.19,2.8,10,16,25,10,20,15,14.53,128.54,16.84,128.25
1745,245.42,7.27,245.57,3.1,8,12,25,8,16,15,10.96,128.63,14.93,128.58
1750,245.83,7.29,244.05,2.8,10,16,25,10,20,15,14.54,128.57,16.84,128.23
1755,246.25,7.31,244.48,2.8,10,16,25,10,20,15,14.54,128.59,16.84,128.22
1760,246.67,7.33,244.9,2.8,10,16,25,10,20,15,14.54,128.6,16.85,128.21
1765,247.08,7.35,248.91,3.1,10,16,25,8,18,20,14.46,126.69,16.67,128.87
1770,247.5,7.38,245.75,2.8,10,16,25,10,20,15,14.55,128.64,16.85,128.19
1775,247.92,7.4,246.18,2.8,10,16,25,10,20,15,14.55,128.66,16.85,128.18
1780,248.33,7.42,246.6,2.8,10,16,25,10,20,15,14.55,128.67,16.85,128.18
1785,248.75,7.44,250.6,3.1,10,16,25,8,18,20,14.47,126.76,16.67,128.83
1790,249.17,7.46,247.44,2.8,10,16,25,10,20,15,14.56,128.71,16.86,128.16
1795,249.58,7.48,264.06,3.3,10,16,25,10,26,20,14.44,125.68,19.65,126.7
1800,250.0,7.5,248.28,2.8,10,16,25,10,20,15,14.56,128.74,16.86,128.14
1805,250.42,7.52,248.7,2.8,10,16,25,10,20,15,14.57,128.76,16.86,128.13
1810,250.83,7.54,247.85,3.1,8,12,25,8,16,15,10.98,128.85,14.95,128.43
1815,251.25,7.56,251.62,3.3,8,12,25,10,22,15,10.95,127.7,17.57,128.11
1820,251.67,7.58,248.65,3.1,8,12,25,8,16,15,10.99,128.88,14.95,128.41
1825,252.08,7.6,250.35,2.8,10,16,25,10,20,15,14.58,128.83,16.87,128.1
1830,252.5,7.62,249.45,3.1,8,12,25,8,16,15,10.99,128.91,14.95,128.39
1835,252.92,7.65,254.72,3.2,10,16,25,10,22,15,14.48,126.35,17.04,125.58
1840,253.33,7.67,251.59,2.8,10,16,25,10,20,15,14.59,128.88,16.87,128.07
1845,253.75,7.69,252.52,3.3,8,12,25,10,22,15,10.97,127.8,17.58,128.05
1850,254.17,7.71,251.04,3.1,8,12,25,8,16,15,11.0,128.98,14.96,128.34
1855,254.58,7.73,252.81,2.8,10,16,25,10,20,15,14.59,128.93,16.88,128.05
1860,255.0,7.75,253.21,2.8,10,16,25,10,20,15,14.6,128.94,16.88,128.04
1865,255.42,7.77,253.62,2.8,10,16,25,10,20,15,14.6,128.96,16.88,128.03
1870,255.83,7.79,254.02,2.8,10,16,25,10,20,15,14.6,128.98,16.88,128.02
1875,256.25,7.81,258.02,3.1,10,16,25,8,18,20,14.52,127.05,16.7,128.65
1880,256.67,7.83,253.39,3.1,8,12,25,8,16,15,11.01,129.08,14.96,128.28
1885,257.08,7.85,253.69,3.3,8,12,25,10,22,15,10.98,127.93,17.59,127.97
1890,257.5,7.88,253.83,3.3,8,12,25,10,22,15,10.98,127.95,17.59,127.96
1895,257.92,7.9,256.5,3.2,10,16,25,10,22,15,14.51,126.55,17.06,125.46
1900,258.33,7.92,254.12,3.3,8,12,25,10,22,15,10.99,127.98,17.6,127.94
1905,258.75,7.94,255.32,3.1,8,12,25,8,16,15,11.02,129.16,14.97,128.23
1910,259.17,7.96,254.4,3.3,8,12,25,10,22,15,10.99,128.01,17.6,127.92
1915,259.58,7.98,256.09,3.1,8,12,25,8,16,15,11.03,129.19,14.97,128.22
1920,260.0,8.0,254.69,3.3,8,12,25,10,22,15,11.0,128.04,17.6,127.9
1925,260.42,8.02,258.39,2.8,10,16,25,10,20,15,14.63,129.16,16.9,127.95
1930,260.83,8.04,254.97,3.3,8,12,25,10,22,15,11.0,128.07,17.6,127.88
1935,261.25,8.06,255.11,3.3,8,12,25,10,22,15,11.0,128.09,17.61,127.87
1940,261.67,8.08,257.79,3.2,10,16,25,10,22,15,14.53,126.69,17.08,125.39
1945,262.08,8.1,257.93,3.2,10,16,25,10,22,15,14.54,126.71,17.08,125.38
1950,262.5,8.12,255.64,3.3,8,12,25,10,22,15,11.01,128.14,17.61,127.84
1955,262.92,8.15,264.34,3.1,10,16,25,8,18,20,14.56,127.31,16.73,128.51
1960,263.33,8.17,256.37,3.3,8,12,25,10,22,15,11.01,128.17,17.61,127.83
1965,263.75,8.19,258.59,3.2,10,16,25,10,22,15,14.55,126.77,17.08,125.35
1970,264.17,8.21,258.96,3.2,10,16,25,10,22,15,14.55,126.78,17.09,125.34
1975,264.58,8.23,264.08,3.3,10,16,25,10,22,15,14.54,126.26,17.62,127.8
1980,265.0,8.25,257.84,3.3,8,12,25,10,22,15,11.02,128.23,17.62,127.79
1985,265.42,8.27,260.06,3.2,10,16,25,10,22,15,14.56,126.83,17.09,125.31
1990,265.83,8.29,258.56,3.3,8,12,25,10,22,15,11.02,128.26,17.62,127.78
1995,266.25,8.31,260.8,3.2,10,16,25,10,22,15,14.56,126.86,17.09,125.3
2000,266.67,8.33,259.29,3.3,8,12,25,10,22,15,11.03,128.29,17.62,127.76
2005,267.08,8.35,261.52,3.2,10,16,25,10,22,15,14.57,126.89,17.1,125.28
2010,267.5,8.38,261.89,3.2,10,16,25,10,22,15,14.57,126.91,17.1,125.28
2015,267.92,8.4,260.37,3.3,8,12,25,10,22,15,11.03,128.34,17.63,127.74
2020,268.33,8.42,262.24,3.1,10,16,25,8,16,15,14.59,127.51,15.0,128.04
2025,268.75,8.44,262.97,3.2,10,16,25,10,22,15,14.58,126.95,17.1,125.26
2030,269.17,8.46,262.51,3.1,10,16,25,8,16,15,14.6,127.54,15.0,128.02
2035,269.58,8.48,268.7,3.0,10,16,25,6,12,20,14.63,128.16,10.99,129.17
2040,270.0,8.5,262.14,3.3,8,12,25,10,22,15,11.04,128.41,17.64,127.7
2045,270.42,8.52,262.91,3.1,10,16,25,8,16,15,14.6,127.59,15.01,128.0
2050,270.83,8.54,262.85,3.3,8,12,25,10,22,15,11.04,128.44,17.64,127.68
2055,271.25,8.56,265.11,3.2,10,16,25,10,22,15,14.59,127.04,17.12,125.21
2060,271.67,8.58,263.3,3.1,10,16,25,8,16,15,14.61,127.63,15.01,127.98
2065,272.08,8.6,263.9,3.3,8,12,25,10,22,15,11.05,128.49,17.64,127.66
2070,272.5,8.62,264.25,3.3,8,12,25,10,22,15,11.05,128.5,17.65,127.65
2075,272.92,8.65,263.7,3.1,10,16,25,8,16,15,14.62,127.68,15.01,127.96
2080,273.33,8.67,263.83,3.1,10,16,25,8,16,15,14.62,127.69,15.01,127.95
2085,273.75,8.69,265.29,3.3,8,12,25,10,22,15,11.06,128.55,17.65,127.63
2090,274.17,8.71,267.14,3.3,10,16,25,10,22,15,14.59,126.61,17.65,127.63
2095,274.58,8.73,267.27,3.3,10,16,25,10,22,15,14.6,126.62,17.65,127.62
2100,275.0,8.75,264.34,3.1,10,16,25,8,16,15,14.63,127.75,15.02,127.93
2105,275.42,8.77,264.47,3.1,10,16,25,8,16,15,14.63,127.77,15.02,127.92
2110,275.83,8.79,264.6,3.1,10,16,25,8,16,15,14.64,127.78,15.02,127.91
2115,276.25,8.81,267.78,3.3,10,16,25,10,22,15,14.61,126.68,17.66,127.59
2120,276.67,8.83,264.85,3.1,10,16,25,8,16,15,14.64,127.81,15.02,127.9
2125,277.08,8.85,268.03,3.3,8,12,25,10,22,15,11.07,128.67,17.66,127.58
2130,277.5,8.88,265.1,3.1,10,16,25,8,16,15,14.65,127.84,15.03,127.89
2135,277.92,8.9,265.23,3.1,10,16,25,8,16,15,14.65,127.86,15.03,127.88
2140,278.33,8.92,265.37,3.1,10,16,25,8,16,15,14.65,127.87,15.03,127.87
2145,278.75,8.94,265.7,3.1,10,16,25,8,16,15,14.65,127.88,15.03,127.87
2150,279.17,8.96,266.03,3.1,10,16,25,8,16,15,14.66,127.9,15.03,127.86
2155,279.58,8.98,268.78,3.3,10,16,25,10,22,15,14.63,126.8,17.68,127.54
2160,280.0,9.0,266.69,3.1,10,16,25,8,16,15,14.66,127.93,15.03,127.85
2165,280.42,9.02,269.03,3.3,10,16,25,10,22,15,14.63,126.83,17.68,127.53
2170,280.83,9.04,267.35,3.1,10,16,25,8,16,15,14.67,127.96,15.04,127.84
2175,281.25,9.06,273.38,3.2,10,16,25,10,22,15,14.65,127.4,17.16,125.07
2180,281.67,9.08,269.4,3.3,10,16,25,10,22,15,14.64,126.87,17.68,127.51
2185,282.08,9.1,269.52,3.3,10,16,25,10,22,15,14.64,126.89,17.69,127.51
2190,282.5,9.12,268.65,3.1,10,16,25,8,16,15,14.67,128.02,15.04,127.82
2195,282.92,9.15,286.72,2.8,10,18,25,10,20,15,13.01,114.64,17.0,127.67
2200,283.33,9.17,269.29,3.1,10,16,25,8,16,15,14.68,128.04,15.04,127.81
2205,283.75,9.19,270.0,3.3,10,16,25,10,22,15,14.65,126.94,17.69,127.48
2210,284.17,9.21,269.93,3.1,10,16,25,8,16,15,14.68,128.07,15.05,127.79
2215,284.58,9.23,281.33,3.0,10,16,25,6,12,20,14.72,128.7,11.03,128.95
2220,285.0,9.25,270.36,3.3,10,16,25,10,22,15,14.66,126.99,17.7,127.47
2225,285.42,9.27,287.27,3.4,10,16,25,10,26,20,14.64,126.49,20.41,128.47
2230,285.83,9.29,270.59,3.3,10,16,25,10,22,15,14.66,127.01,17.7,127.46
2235,286.25,9.31,277.33,3.2,10,16,25,10,22,15,14.68,127.57,17.18,125.01
2240,286.67,9.33,270.83,3.3,10,16,25,10,22,15,14.67,127.04,17.7,127.45
2245,287.08,9.35,270.95,3.3,10,16,25,10,22,15,14.67,127.06,17.71,127.44
2250,287.5,9.38,271.06,3.3,10,16,25,10,22,15,14.67,127.07,17.71,127.44
2255,287.92,9.4,271.18,3.3,10,16,25,10,22,15,14.67,127.08,17.71,127.43
2260,288.33,9.42,271.3,3.3,10,16,25,10,22,15,14.68,127.1,17.71,127.43
2265,288.75,9.44,273.41,3.1,10,16,25,8,16,15,14.71,128.23,15.06,127.74
2270,289.17,9.46,271.53,3.3,10,16,25,10,22,15,14.68,127.13,17.71,127.42
2275,289.58,9.48,271.64,3.3,10,16,25,10,22,15,14.68,127.14,17.72,127.41
2280,290.0,9.5,271.76,3.3,10,16,25,10,22,15,14.68,127.15,17.72,127.41
2285,290.42,9.52,280.55,3.2,10,16,25,10,22,15,14.7,127.71,17.19,124.97
2290,290.83,9.54,271.99,3.3,10,16,25,10,22,15,14.69,127.18,17.72,127.4
2295,291.25,9.56,272.1,3.3,10,16,25,10,22,15,14.69,127.19,17.72,127.39
2300,291.67,9.58,272.22,3.3,10,16,25,10,22,15,14.69,127.21,17.72,127.39
2305,292.08,9.6,272.33,3.3,10,16,25,10,22,15,14.7,127.22,17.73,127.38
2310,292.5,9.62,272.44,3.3,10,16,25,10,22,15,14.7,127.24,17.73,127.38
2315,292.92,9.65,272.56,3.3,10,16,25,10,22,15,14.7,127.25,17.73,127.38
2320,293.33,9.67,272.67,3.3,10,16,25,10,22,15,14.7,127.26,17.73,127.37
2325,293.75,9.69,277.1,3.1,10,16,25,8,16,15,14.74,128.4,15.07,127.68
2330,294.17,9.71,272.91,3.3,10,16,25,10,22,15,14.71,127.29,17.73,127.36
2335,294.58,9.73,283.69,3.2,10,16,25,10,22,15,14.72,127.85,17.21,124.93
2340,295.0,9.75,273.51,3.3,10,16,25,10,22,15,14.71,127.32,17.74,127.35
2345,295.42,9.77,273.8,3.3,10,16,25,10,22,15,14.71,127.33,17.74,127.35
2350,295.83,9.79,274.09,3.3,10,16,25,10,22,15,14.72,127.35,17.74,127.35
2355,296.25,9.81,297.87,3.6,8,12,25,10,24,15,11.1,127.78,17.29,122.46
2360,296.67,9.83,274.68,3.3,10,16,25,10,22,15,14.72,127.37,17.74,127.34
2365,297.08,9.85,279.51,3.1,10,16,25,8,16,15,14.76,128.51,15.08,127.65
2370,297.5,9.88,275.26,3.3,10,16,25,10,22,15,14.73,127.4,17.75,127.33
2375,297.92,9.9,280.1,3.1,10,16,25,8,16,15,14.76,128.53,15.09,127.64
2380,298.33,9.92,275.85,3.3,10,16,25,10,22,15,14.73,127.43,17.75,127.32
2385,298.75,9.94,276.14,3.3,10,16,25,10,22,15,14.73,127.44,17.75,127.32
2390,299.17,9.96,276.42,3.3,10,16,25,10,22,15,14.73,127.45,17.75,127.31
2395,299.58,9.98,276.71,3.3,10,16,25,10,22,15,14.74,127.47,17.76,127.31
2400,300.0,10.0,277.0,3.3,10,16,25,10,22,15,14.74,127.48,17.76,127.31
2405,300.42,10.02,277.29,3.3,10,16,25,10,22,15,14.74,127.49,17.76,127.3
2410,300.83,10.04,277.57,3.3,10,16,25,10,22,15,14.74,127.51,17.76,127.3
2415,301.25,10.06,300.28,3.1,10,16,25,10,22,15,14.78,128.64,16.7,122.44
2420,301.67,10.08,278.14,3.3,10,16,25,10,22,15,14.75,127.53,17.76,127.29
2425,302.08,10.1,299.49,3.6,8,12,25,10,24,15,11.12,127.97,17.31,122.4
2430,302.5,10.12,278.71,3.3,10,16,25,10,22,15,14.75,127.56,17.77,127.29
2435,302.92,10.15,283.61,3.1,10,16,25,8,16,15,14.79,128.69,15.1,127.6
2440,303.33,10.17,279.28,3.3,10,16,25,10,22,15,14.76,127.59,17.77,127.28
2445,303.75,10.19,279.56,3.3,10,16,25,10,22,15,14.76,127.6,17.77,127.28
2450,304.17,10.21,279.84,3.3,10,16,25,10,22,15,14.76,127.61,17.77,127.27
2455,304.58,10.23,290.93,3.2,10,16,25,10,22,15,14.78,128.17,17.25,124.85
2460,305.0,10.25,280.4,3.3,10,16,25,10,22,15,14.77,127.64,17.78,127.27
2465,305.42,10.27,280.68,3.3,10,16,25,10,22,15,14.77,127.65,17.78,127.26
2470,305.83,10.29,280.96,3.3,10,16,25,10,22,15,14.77,127.66,17.78,127.26
2475,306.25,10.31,292.1,3.2,10,16,25,10,22,15,14.79,128.22,17.25,124.84
2480,306.67,10.33,281.51,3.3,10,16,25,10,22,15,14.77,127.69,17.78,127.25
2485,307.08,10.35,303.23,3.6,10,16,25,8,20,20,14.73,126.24,15.19,125.5
2490,307.5,10.38,282.07,3.3,10,16,25,10,22,15,14.78,127.72,17.79,127.25
2495,307.92,10.4,282.34,3.3,10,16,25,10,22,15,14.78,127.73,17.79,127.24
2500,308.33,10.42,282.62,3.3,10,16,25,10,22,15,14.78,127.74,17.79,127.24
2505,308.75,10.44,282.89,3.3,10,16,25,10,22,15,14.78,127.76,17.79,127.24
2510,309.17,10.46,283.16,3.3,10,16,25,10,22,15,14.79,127.77,17.79,127.24
2515,309.58,10.48,302.36,3.1,10,16,25,8,18,20,14.82,128.9,16.89,127.99
2520,310.0,10.5,283.71,3.3,10,16,25,10,22,15,14.79,127.79,17.8,127.23
2525,310.42,10.52,304.1,3.6,10,16,25,8,20,20,14.75,126.34,15.2,125.47
2530,310.83,10.54,284.25,3.3,10,16,25,10,22,15,14.8,127.82,17.8,127.22
2535,311.25,10.56,289.25,3.1,10,16,25,8,16,15,14.83,128.96,15.12,127.54
2540,311.67,10.58,284.79,3.3,10,16,25,10,22,15,14.8,127.85,17.8,127.22
2545,312.08,10.6,289.8,3.1,10,16,25,8,16,15,14.83,128.98,15.12,127.54
2550,312.5,10.62,285.33,3.3,10,16,25,10,22,15,14.8,127.87,17.8,127.21
2555,312.92,10.65,285.6,3.3,10,16,25,10,22,15,14.81,127.88,17.81,127.21
2560,313.33,10.67,285.87,3.3,10,16,25,10,22,15,14.81,127.9,17.81,127.21
2565,313.75,10.69,286.13,3.3,10,16,25,10,22,15,14.81,127.91,17.81,127.21
2570,314.17,10.71,286.4,3.3,10,16,25,10,22,15,14.81,127.92,17.81,127.2
2575,314.58,10.73,286.67,3.3,10,16,25,10,22,15,14.81,127.93,17.81,127.2
2580,315.0,10.75,286.93,3.3,10,16,25,10,22,15,14.82,127.95,17.81,127.2
2585,315.42,10.77,298.35,3.2,10,16,25,10,22,15,14.83,128.51,17.29,124.79
2590,315.83,10.79,287.46,3.3,10,16,25,10,22,15,14.82,127.97,17.82,127.19
2595,316.25,10.81,287.72,3.3,10,16,25,10,22,15,14.82,127.98,17.82,127.19
2600,316.67,10.83,299.18,3.2,10,16,25,10,22,15,14.84,128.54,17.29,124.78
2605,317.08,10.85,293.05,3.1,10,16,25,8,16,15,14.86,129.14,15.14,127.51
2610,317.5,10.88,288.51,3.3,10,16,25,10,22,15,14.83,128.02,17.82,127.18
2615,317.92,10.9,307.27,3.8,10,16,25,10,28,20,14.76,125.71,20.95,127.14
2620,318.33,10.92,289.03,3.3,10,16,25,10,22,15,14.83,128.05,17.83,127.18
2625,318.75,10.94,307.48,3.8,10,16,25,10,28,20,14.76,125.74,20.95,127.13
2630,319.17,10.96,289.55,3.3,10,16,25,10,22,15,14.84,128.07,17.83,127.18
2635,319.58,10.98,289.81,3.3,10,16,25,10,22,15,14.84,128.08,17.83,127.17
2640,320.0,11.0,290.07,3.3,10,16,25,10,22,15,14.84,128.1,17.83,127.17
2645,320.42,11.02,306.6,3.6,10,16,25,8,20,20,14.8,126.64,15.23,125.39
2650,320.83,11.04,290.58,3.3,10,16,25,10,22,15,14.85,128.12,17.84,127.17
2655,321.25,11.06,308.55,3.8,10,16,25,10,28,20,14.78,125.81,20.97,127.11
2660,321.67,11.08,291.1,3.3,10,16,25,10,22,15,14.85,128.15,17.84,127.16
2665,322.08,11.1,307.01,3.6,10,16,25,8,20,20,14.81,126.69,15.23,125.38
2670,322.5,11.12,291.61,3.3,10,16,25,10,22,15,14.85,128.17,17.84,127.16
2675,322.92,11.15,303.24,3.2,10,16,25,10,22,15,14.87,128.73,17.31,124.76
2680,323.33,11.17,292.11,3.3,10,16,25,10,22,15,14.86,128.2,17.84,127.16
2685,323.75,11.19,307.07,3.7,8,12,25,8,20,20,11.19,128.16,15.66,127.57
2690,324.17,11.21,292.62,3.3,10,16,25,10,22,15,14.86,128.22,17.85,127.15
2695,324.58,11.23,292.87,3.3,10,16,25,10,22,15,14.86,128.23,17.85,127.15
2700,325.0,11.25,293.12,3.3,10,16,25,10,22,15,14.87,128.25,17.85,127.15
2705,325.42,11.27,311.6,3.1,10,16,20,8,16,15,13.03,119.24,15.16,127.47
2710,325.83,11.29,293.62,3.3,10,16,25,10,22,15,14.87,128.27,17.85,127.15
2715,326.25,11.31,308.64,3.7,8,12,25,8,20,20,11.2,128.23,15.67,127.55
2720,326.67,11.33,294.12,3.3,10,16,25,10,22,15,14.88,128.29,17.86,127.14
2725,327.08,11.35,311.29,3.7,8,12,25,10,24,15,11.2,128.26,17.88,124.35
2730,327.5,11.38,294.62,3.3,10,16,25,10,22,15,14.88,128.32,17.86,127.14
2735,327.92,11.4,312.8,3.8,10,16,25,10,28,20,14.81,126.0,20.99,127.08
2740,328.33,11.42,295.12,3.3,10,16,25,10,22,15,14.88,128.34,17.86,127.14
2745,328.75,11.44,295.36,3.3,10,16,25,10,22,15,14.89,128.35,17.86,127.14
2750,329.17,11.46,295.61,3.3,10,16,25,10,22,15,14.89,128.37,17.87,127.13
2755,329.58,11.48,311.02,3.6,10,16,25,8,20,20,14.85,126.91,15.25,125.34
2760,330.0,11.5,296.1,3.3,10,16,25,10,22,15,14.89,128.39,17.87,127.13
2765,330.42,11.52,307.95,3.2,10,16,25,10,22,15,14.91,128.95,17.34,124.73
2770,330.83,11.54,296.59,3.3,10,16,25,10,22,15,14.9,128.41,17.87,127.13
2775,331.25,11.56,296.83,3.3,10,16,25,10,22,15,14.9,128.43,17.87,127.13
2780,331.67,11.58,297.08,3.3,10,16,25,10,22,15,14.9,128.44,17.88,127.13
2785,332.08,11.6,297.32,3.3,10,16,25,10,22,15,14.9,128.45,17.88,127.12
2790,332.5,11.62,297.56,3.3,10,16,25,10,22,15,14.9,128.46,17.88,127.12
2795,332.92,11.65,315.9,3.8,10,16,25,10,28,20,14.83,126.15,21.02,127.05
2800,333.33,11.67,298.04,3.3,10,16,25,10,22,15,14.91,128.49,17.88,127.12
2805,333.75,11.69,316.4,3.9,10,16,25,10,28,20,14.82,125.77,21.56,129.15
2810,334.17,11.71,298.52,3.3,10,16,25,10,22,15,14.91,128.51,17.88,127.12
2815,334.58,11.73,310.48,3.2,10,16,25,10,22,15,14.93,129.07,17.35,124.72
2820,335.0,11.75,299.0,3.3,10,16,25,10,22,15,14.92,128.53,17.89,127.12
2825,335.42,11.77,299.24,3.3,10,16,25,10,22,15,14.92,128.55,17.89,127.11
2830,335.83,11.79,299.48,3.3,10,16,25,10,22,15,14.92,128.56,17.89,127.11
2835,336.25,11.81,299.72,3.3,10,16,25,10,22,15,14.92,128.57,17.89,127.11
2840,336.67,11.83,299.95,3.3,10,16,25,10,22,15,14.92,128.58,17.89,127.11
2845,337.08,11.85,300.19,3.3,10,16,25,10,22,15,14.93,128.59,17.89,127.11
2850,337.5,11.88,300.43,3.3,10,16,25,10,22,15,14.93,128.6,17.9,127.11
2855,337.92,11.9,313.72,3.7,8,12,25,10,24,15,11.24,128.56,17.91,124.3
2860,338.33,11.92,300.9,3.3,10,16,25,10,22,15,14.93,128.63,17.9,127.11
2865,338.75,11.94,316.53,3.6,10,16,25,8,20,20,14.89,127.17,15.28,125.3
2870,339.17,11.96,301.37,3.3,10,16,25,10,22,15,14.94,128.65,17.9,127.11
2875,339.58,11.98,316.65,3.7,10,16,25,8,20,20,14.88,126.75,15.7,127.48
2880,340.0,12.0,301.83,3.3,10,16,25,10,22,15,14.94,128.67,17.91,127.1
2885,340.42,12.02,317.86,3.9,10,16,25,10,28,20,14.85,125.95,21.59,129.12
2890,340.83,12.04,302.3,3.3,10,16,25,10,22,15,14.94,128.7,17.91,127.1
2895,341.25,12.06,302.53,3.3,10,16,25,10,22,15,14.95,128.71,17.91,127.1
2900,341.67,12.08,302.76,3.3,10,16,25,10,22,15,14.95,128.72,17.91,127.1
2905,342.08,12.1,318.21,3.9,10,16,25,10,28,20,14.86,126.0,21.6,129.12
2910,342.5,12.12,303.22,3.3,10,16,25,10,22,15,14.95,128.74,17.91,127.1
2915,342.92,12.15,317.36,3.7,10,16,25,8,20,20,14.9,126.84,15.71,127.47
2920,343.33,12.17,303.68,3.3,10,16,25,10,22,15,14.96,128.77,17.92,127.1
2925,343.75,12.19,317.54,3.7,10,16,25,8,20,20,14.9,126.86,15.72,127.47
2930,344.17,12.21,304.14,3.3,10,16,25,10,22,15,14.96,128.79,17.92,127.1
2935,344.58,12.23,319.56,3.7,8,12,25,8,20,20,11.26,128.75,15.72,127.46
2940,345.0,12.25,304.59,3.3,10,16,25,10,22,15,14.96,128.81,17.92,127.1
2945,345.42,12.27,318.91,3.9,10,16,25,10,28,20,14.88,126.09,21.61,129.1
2950,345.83,12.29,305.05,3.3,10,16,25,10,22,15,14.97,128.84,17.93,127.09
2955,346.25,12.31,315.48,3.7,8,12,25,10,24,15,11.27,128.79,17.94,124.27
2960,346.67,12.33,305.5,3.3,10,16,25,10,22,15,14.97,128.86,17.93,127.09
2965,347.08,12.35,318.23,3.7,10,16,25,8,20,20,14.91,126.95,15.73,127.46
2970,347.5,12.38,305.95,3.3,10,16,25,10,22,15,14.97,128.88,17.93,127.09
2975,347.92,12.4,319.43,3.9,10,16,25,10,28,20,14.89,126.16,21.62,129.1
2980,348.33,12.42,306.39,3.3,10,16,25,10,22,15,14.98,128.9,17.93,127.09
2985,348.75,12.44,318.57,3.7,10,16,25,8,20,20,14.92,127.0,15.73,127.45
2990,349.17,12.46,306.84,3.3,10,16,25,10,22,15,14.98,128.93,17.94,127.09
2995,349.58,12.48,318.74,3.7,10,16,25,8,20,20,14.93,127.02,15.73,127.45
3000,350.0,12.5,307.28,3.3,10,16,25,10,22,15,14.99,128.95,17.94,127.09
3005,350.42,12.52,307.51,3.3,10,16,25,10,22,15,14.99,128.96,17.94,127.09
3010,350.83,12.54,307.73,3.3,10,16,25,10,22,15,14.99,128.97,17.94,127.09
3015,351.25,12.56,320.52,3.6,10,16,25,10,24,15,14.95,127.51,17.48,122.13
3020,351.67,12.58,308.17,3.3,10,16,25,10,22,15,14.99,128.99,17.95,127.09
3025,352.08,12.6,308.39,3.3,10,16,25,10,22,15,15.0,129.01,17.95,127.09
3030,352.5,12.62,308.61,3.3,10,16,25,10,22,15,15.0,129.02,17.95,127.09
3035,352.92,12.65,326.11,3.1,10,18,25,8,16,15,13.29,114.86,15.23,127.41
3040,353.33,12.67,309.04,3.3,10,16,25,10,22,15,15.0,129.04,17.95,127.09
3045,353.75,12.69,309.26,3.3,10,16,25,10,22,15,15.0,129.05,17.95,127.09
3050,354.17,12.71,309.48,3.3,10,16,25,10,22,15,15.01,129.06,17.95,127.09
3055,354.58,12.73,309.7,3.3,10,16,25,10,22,15,15.01,129.07,17.96,127.09
3060,355.0,12.75,309.91,3.3,10,16,25,10,22,15,15.01,129.08,17.96,127.09
3065,355.42,12.77,319.91,3.7,10,16,25,8,20,20,14.95,127.17,15.75,127.43
3070,355.83,12.79,310.34,3.3,10,16,25,10,22,15,15.01,129.11,17.96,127.09
3075,356.25,12.81,310.56,3.3,10,16,25,10,22,15,15.01,129.12,17.96,127.09
3080,356.67,12.83,310.77,3.3,10,16,25,10,22,15,15.02,129.13,17.96,127.09
3085,357.08,12.85,310.99,3.3,10,16,25,10,22,15,15.02,129.14,17.96,127.09
3090,357.5,12.88,311.2,3.3,10,16,25,10,22,15,15.02,129.15,17.97,127.09
3095,357.92,12.9,321.43,3.9,10,16,25,10,28,20,14.93,126.42,21.67,129.07
3100,358.33,12.92,311.63,3.3,10,16,25,10,22,15,15.02,129.17,17.97,127.09
3105,358.75,12.94,311.84,3.3,10,16,25,10,22,15,15.03,129.18,17.97,127.09
3110,359.17,12.96,312.05,3.3,10,16,25,10,22,15,15.03,129.19,17.97,127.09
3115,359.58,12.98,312.26,3.3,10,16,25,10,22,15,15.03,129.21,17.97,127.09
3120,360.0,13.0,320.8,3.7,10,16,25,8,20,20,14.97,127.29,15.76,127.42
3125,360.42,13.02,321.91,3.9,10,16,25,10,28,20,14.95,126.48,21.68,129.07
3130,360.83,13.04,312.9,3.3,10,16,25,10,22,15,15.04,129.24,17.98,127.09
3135,361.25,13.06,321.04,3.7,10,16,25,8,20,20,14.98,127.33,15.77,127.42
3140,361.67,13.08,321.12,3.7,10,16,25,8,20,20,14.98,127.34,15.77,127.42
3145,362.08,13.1,321.2,3.7,10,16,25,8,20,20,14.98,127.35,15.77,127.42
3150,362.5,13.12,321.28,3.7,10,16,25,8,20,20,14.98,127.36,15.77,127.42
3155,362.92,13.15,322.46,3.9,10,16,25,10,28,20,14.96,126.55,21.69,129.06
3160,363.33,13.17,321.43,3.7,10,16,25,8,20,20,14.99,127.38,15.77,127.42
3165,363.75,13.19,324.57,3.8,8,12,25,10,24,15,11.31,128.81,18.48,126.33
3170,364.17,13.21,323.09,3.9,10,16,25,10,28,20,14.96,126.58,21.69,129.06
3175,364.58,13.23,323.3,3.9,10,16,25,10,28,20,14.96,126.59,21.7,129.06
3180,365.0,13.25,321.75,3.7,10,16,25,8,20,20,15.0,127.42,15.78,127.42
3185,365.42,13.27,323.72,3.9,10,16,25,10,28,20,14.97,126.61,21.7,129.06
3190,365.83,13.29,321.9,3.7,10,16,25,8,20,20,15.0,127.44,15.78,127.42
3195,366.25,13.31,329.36,3.7,10,16,25,10,24,15,15.0,127.45,18.01,124.23
3200,366.67,13.33,322.05,3.7,10,16,25,8,20,20,15.0,127.47,15.78,127.42
3205,367.08,13.35,325.19,3.8,8,12,25,10,24,15,11.32,128.89,18.49,126.32
3210,367.5,13.38,322.21,3.7,10,16,25,8,20,20,15.01,127.49,15.78,127.41
3215,367.92,13.4,322.28,3.7,10,16,25,8,20,20,15.01,127.5,15.78,127.41
3220,368.33,13.42,322.36,3.7,10,16,25,8,20,20,15.01,127.51,15.79,127.41
3225,368.75,13.44,325.37,3.9,10,16,25,10,28,20,14.98,126.7,21.71,129.06
3230,369.17,13.46,322.51,3.7,10,16,25,8,20,20,15.01,127.53,15.79,127.41
3235,369.58,13.48,322.59,3.7,10,16,25,8,20,20,15.02,127.54,15.79,127.41
3240,370.0,13.5,322.67,3.7,10,16,25,8,20,20,15.02,127.55,15.79,127.41
3245,370.42,13.52,322.74,3.7,10,16,25,8,20,20,15.02,127.56,15.79,127.41
3250,370.83,13.54,322.9,3.7,10,16,25,8,20,20,15.02,127.57,15.79,127.41
3255,371.25,13.56,323.1,3.7,10,16,25,8,20,20,15.02,127.58,15.79,127.41
3260,371.67,13.58,323.3,3.7,10,16,25,8,20,20,15.02,127.59,15.79,127.41
3265,372.08,13.6,327.0,3.9,10,16,25,10,28,20,15.0,126.78,21.73,129.06
3270,372.5,13.62,323.7,3.7,10,16,25,8,20,20,15.03,127.61,15.8,127.41
3275,372.92,13.65,327.41,3.9,10,16,25,10,28,20,15.0,126.8,21.73,129.06
3280,373.33,13.67,324.1,3.7,10,16,25,8,20,20,15.03,127.63,15.8,127.41
3285,373.75,13.69,326.39,3.8,8,12,25,10,24,15,11.34,129.06,18.51,126.32
3290,374.17,13.71,324.49,3.7,10,16,25,8,20,20,15.04,127.65,15.8,127.41
3295,374.58,13.73,328.21,3.9,10,16,25,10,28,20,15.01,126.84,21.74,129.06
3300,375.0,13.75,324.89,3.7,10,16,25,8,20,20,15.04,127.67,15.8,127.41
3305,375.42,13.77,326.68,3.8,8,12,25,10,24,15,11.35,129.1,18.52,126.31
3310,375.83,13.79,325.28,3.7,10,16,25,8,20,20,15.04,127.7,15.81,127.41
3315,376.25,13.81,325.48,3.7,10,16,25,8,20,20,15.04,127.71,15.81,127.41
3320,376.67,13.83,325.67,3.7,10,16,25,8,20,20,15.05,127.72,15.81,127.41
3325,377.08,13.85,329.4,3.9,10,16,25,10,28,20,15.02,126.9,21.75,129.06
3330,377.5,13.88,326.06,3.7,10,16,25,8,20,20,15.05,127.74,15.81,127.41
3335,377.92,13.9,331.48,3.7,10,16,25,10,24,15,15.05,127.75,18.05,124.22
3340,378.33,13.92,326.45,3.7,10,16,25,8,20,20,15.05,127.76,15.81,127.41
3345,378.75,13.94,331.62,3.7,10,16,25,10,24,15,15.06,127.77,18.05,124.22
3350,379.17,13.96,326.84,3.7,10,16,25,8,20,20,15.06,127.78,15.81,127.41
3355,379.58,13.98,327.03,3.7,10,16,25,8,20,20,15.06,127.79,15.82,127.41
3360,380.0,14.0,327.23,3.7,10,16,25,8,20,20,15.06,127.8,15.82,127.41
3365,380.42,14.02,327.42,3.7,10,16,25,8,20,20,15.06,127.81,15.82,127.41
3370,380.83,14.04,327.61,3.7,10,16,25,8,20,20,15.06,127.82,15.82,127.41
3375,381.25,14.06,327.8,3.7,10,16,25,8,20,20,15.07,127.83,15.82,127.41
3380,381.67,14.08,327.99,3.7,10,16,25,8,20,20,15.07,127.84,15.82,127.41
3385,382.08,14.1,328.18,3.7,10,16,25,8,20,20,15.07,127.85,15.82,127.41
3390,382.5,14.12,328.37,3.7,10,16,25,8,20,20,15.07,127.86,15.82,127.41
3395,382.92,14.15,332.13,3.9,10,16,25,10,28,20,15.04,127.05,21.77,129.06
3400,383.33,14.17,328.75,3.7,10,16,25,8,20,20,15.07,127.88,15.83,127.41
3405,383.75,14.19,332.51,3.9,10,16,25,10,28,20,15.05,127.07,21.77,129.06
3410,384.17,14.21,329.13,3.7,10,16,25,8,20,20,15.08,127.9,15.83,127.41
3415,384.58,14.23,332.63,3.7,10,16,25,10,24,15,15.08,127.91,18.07,124.22
3420,385.0,14.25,329.51,3.7,10,16,25,8,20,20,15.08,127.92,15.83,127.41
3425,385.42,14.27,329.7,3.7,10,16,25,8,20,20,15.08,127.93,15.83,127.41
3430,385.83,14.29,329.88,3.7,10,16,25,8,20,20,15.09,127.94,15.83,127.41
3435,386.25,14.31,332.91,3.7,10,16,25,10,24,15,15.09,127.95,18.08,124.22
3440,386.67,14.33,330.26,3.7,10,16,25,8,20,20,15.09,127.96,15.83,127.41
3445,387.08,14.35,330.44,3.7,10,16,25,8,20,20,15.09,127.97,15.84,127.41
3450,387.5,14.38,330.63,3.7,10,16,25,8,20,20,15.09,127.98,15.84,127.41
3455,387.92,14.4,333.19,3.7,10,16,25,10,24,15,15.09,127.99,18.08,124.22
3460,388.33,14.42,331.0,3.7,10,16,25,8,20,20,15.1,128.0,15.84,127.41
3465,388.75,14.44,331.19,3.7,10,16,25,8,20,20,15.1,128.01,15.84,127.41
3470,389.17,14.46,331.37,3.7,10,16,25,8,20,20,15.1,128.02,15.84,127.42
3475,389.58,14.48,331.56,3.7,10,16,25,8,20,20,15.1,128.03,15.84,127.42
3480,390.0,14.5,331.74,3.7,10,16,25,8,20,20,15.1,128.04,15.84,127.42
3485,390.42,14.52,335.53,3.9,10,16,25,10,28,20,15.08,127.22,21.8,129.06
3490,390.83,14.54,332.11,3.7,10,16,25,8,20,20,15.11,128.06,15.85,127.42
3495,391.25,14.56,332.29,3.7,10,16,25,8,20,20,15.11,128.07,15.85,127.42
3500,391.67,14.58,332.47,3.7,10,16,25,8,20,20,15.11,128.08,15.85,127.42
3505,392.08,14.6,332.65,3.7,10,16,25,8,20,20,15.11,128.09,15.85,127.42
3510,392.5,14.62,333.94,3.7,10,16,25,10,24,15,15.11,128.1,18.1,124.23
3515,392.92,14.65,333.02,3.7,10,16,25,8,20,20,15.11,128.11,15.85,127.42
3520,393.33,14.67,333.2,3.7,10,16,25,8,20,20,15.12,128.12,15.85,127.42
3525,393.75,14.69,335.52,3.9,8,12,25,10,24,15,11.39,129.12,19.06,128.39
3530,394.17,14.71,333.56,3.7,10,16,25,8,20,20,15.12,128.14,15.85,127.42
3535,394.58,14.73,333.74,3.7,10,16,25,8,20,20,15.12,128.15,15.86,127.42
3540,395.0,14.75,333.92,3.7,10,16,25,8,20,20,15.12,128.16,15.86,127.42
3545,395.42,14.77,334.1,3.7,10,16,25,8,20,20,15.12,128.17,15.86,127.42
3550,395.83,14.79,334.28,3.7,10,16,25,8,20,20,15.13,128.18,15.86,127.42
3555,396.25,14.81,340.44,3.6,10,16,25,10,24,15,15.14,128.63,17.63,122.14
3560,396.67,14.83,334.62,3.7,10,16,25,10,24,15,15.13,128.2,18.11,124.23
3565,397.08,14.85,334.68,3.7,10,16,25,10,24,15,15.13,128.21,18.11,124.23
3570,397.5,14.88,334.75,3.7,10,16,25,10,24,15,15.13,128.22,18.11,124.23
3575,397.92,14.9,334.81,3.7,10,16,25,10,24,15,15.14,128.23,18.12,124.24
3580,398.33,14.92,334.88,3.7,10,16,25,10,24,15,15.14,128.24,18.12,124.24
3585,398.75,14.94,334.95,3.7,10,16,25,10,24,15,15.14,128.25,18.12,124.24
3590,399.17,14.96,335.01,3.7,10,16,25,10,24,15,15.14,128.26,18.12,124.24
3595,399.58,14.98,341.13,3.8,10,16,25,10,24,15,15.13,127.84,18.6,126.32
3600,400.0,15.0,335.14,3.7,10,16,25,10,24,15,15.14,128.28,18.12,124.24
